Id,Value (M)
280,10.604605969074711
569,20.023080353231325
8731,2.1024688591851657
10085,-0.08101028773206664
9831,0.12026407976353148
7346,1.8416431788130012
10496,0.8522848807700196
8318,1.2963736440057119
17589,-1.6046369878721531
3615,4.771666228033116
1303,5.973973834927378
9425,0.9588042504209255
108,20.4518271308746
15757,-0.29314071228732885
8768,1.3054687167722712
15149,-0.6162764350262453
3442,3.829275986764472
11995,1.2675063023139757
6585,2.0636875604308464
18,22.21107921393185
15182,-0.752571461115437
14631,0.17171806507061405
2324,5.529885071691687
1614,7.301809841301694
17085,-1.999088395293855
8561,1.1484036765608305
8122,0.6772085559265086
412,3.2288854224133736
2249,4.557629743534232
2685,4.774335527072768
16094,-0.8825301439282445
14387,0.1509480509483634
12257,3.2262717685737066
2013,4.6524741718294464
3988,5.023486266089247
5369,1.5004067409914867
13790,-0.8744328163587571
482,8.118671683090291
7328,2.5347932506146442
17121,-2.68056352573981
13305,1.0870019489406282
16634,-1.3771645777244732
16766,-1.5044539614976298
11989,0.6807861697127091
177,6.9000243454065355
16628,-1.5342296179359138
8120,2.0609288309406644
4069,7.2846174409656435
5618,5.648987697444831
11309,1.6050756958987584
15007,-0.12164200123001834
2019,3.49070884798261
10905,-0.3030546693499119
14866,0.9155032378833194
2099,4.32657971960035
14183,0.7818775108337821
3839,3.829275986764472
9164,0.4551641743086652
15227,0.6103787997764716
3374,2.898560686851514
5413,2.4544719236158237
16516,-0.44386940922238693
13373,1.7892470935088305
8823,0.2980991340972228
11210,0.011075411072971164
11486,-0.14598962913847124
2443,2.3885842674628712
7564,1.0563179777557963
4263,1.8795161628207708
3405,3.2126907672743954
14382,1.3866983585176413
2662,2.166539885845026
2816,4.365450448805198
5927,2.3155075984869775
15028,-1.1912321958212946
8814,0.43439416018641275
12158,0.7015561838349598
5833,2.3362776126092264
16331,0.18706005066303177
5905,3.4889478636895
6523,3.9718179256795167
1122,13.106879985848625
14250,-0.6550577337805645
14604,-0.19562698495245812
8420,1.6520437526730944
16088,-0.9033001580504951
5088,1.6574717812029292
3087,2.0094748456335836
16946,-0.5296187647510422
14846,1.1673232759394505
13055,0.5625918587061154
3285,2.7948000466907885
2597,1.7603241066171087
9529,0.5499191721533521
1522,3.3038681513328854
3987,2.1015605444386196
6902,1.2133830179672351
3108,5.026155565128899
7026,1.2133830179672351
6885,1.6845781386015588
10399,1.6376100818272228
8395,1.1484036765608305
4255,3.7552015725915027
16589,-0.7372294755230211
12437,2.514931551238938
369,6.906360688682916
13474,-0.5900783923741617
16333,-1.3329552504403193
16219,-0.3581200536937317
15651,-0.9746158427332823
7171,2.9410984602930874
2709,5.927005778153045
12293,-0.1369839868224343
14738,-0.9394121577651617
14039,-0.7173677761473165
3755,3.5151459063415906
6373,1.4354273995850804
682,5.540651698300831
7248,1.349678044056425
8916,0.2980991340972228
6710,1.7377931082017497
14360,1.4399133281178322
5951,2.5257876082986073
3672,3.6423458596642178
11867,-0.030464617171528374
13995,-0.4447777239689348
6502,3.112507740899872
732,7.68625786121029
9997,0.39018483290225703
13434,-0.6108484064964124
17911,-2.700425225115511
3540,3.6631158737864666
8031,0.048948395080744334
14851,-0.6668221055867818
12276,0.7223261979572104
16859,-0.2777987266949129
3356,10.396142588756174
10071,2.351530167751122
7726,0.20601343529218497
128,28.388069767485124
17632,-2.0342920802619755
1991,10.463880659652762
3506,2.981640743340513
2826,3.360750165169801
10611,0.39018483290225703
2317,7.384800467340167
15582,-0.11530565795363756
14400,-0.39423205340840006
13695,0.6455824847445903
17406,-1.2670675942873668
9339,1.3975544155773107
2308,6.4307352847158334
16785,-1.9133390397651997
12846,0.5444911436235191
10930,1.1961906176311885
8648,1.2016186461610232
17739,-1.3022712792554856
1926,5.25996431855296
12966,1.433576984841448
8075,1.4326686700949018
15741,-0.4294357383765188
15823,0.99582456488214
9944,1.166414961192901
8440,1.4625337569837136
15613,-0.7020257905549006
8638,2.197223857029858
4227,3.4501665649351807
14290,-1.1262528544148882
4936,1.0292116203571648
11367,0.651010513274425
5748,2.516781965982574
9489,1.0950992765101155
11597,0.787305539363615
8690,3.8094142873887655
2017,4.6524741718294464
13720,-0.5187627076913746
8230,2.9734539853205035
14558,-1.0757071838543535
17767,-1.0296812270771039
2312,3.310204494609266
11285,1.2169606317534374
667,11.194993145912704
9347,1.367689328688499
12638,1.7919163925484867
9537,0.6862141982425456
9430,0.8225092243317356
11439,-0.1667596432607219
576,13.017463586083242
1110,15.67313559883187
5741,5.5217877441222
11870,0.651010513274425
3219,8.6062065345141
189,24.02011372845359
543,17.530809723970524
4129,3.4293965508129354
14005,0.6455824847445903
4651,5.000046952927342
15380,0.10673872366420767
10400,0.5796948285916397
2605,3.7813996152435863
9403,2.069934473256705
16181,-1.1966602243511257
5687,1.6574717812029292
2290,2.54564930767431
6829,1.0563179777557963
6436,0.6293321844056283
15170,-0.3229163687256147
17070,-2.68056352573981
12526,-0.5250990509677571
10642,1.0508899492259633
1666,6.202354559821604
2270,4.7445598706344825
17842,-1.5243156608733326
4664,2.85435135956736
16081,-1.4692502765295092
5018,2.2857319420486917
5415,1.930061833381309
8459,2.0401588168184155
2459,6.786405393383216
16656,-0.8527544874899604
782,10.617278655627477
14443,-1.1912321958212946
13069,0.5950368141840539
16997,-0.7724331604911381
3159,3.7164202738371834
14031,0.23669740647701865
7187,2.3037432266807585
15318,1.6475240388898058
14057,1.1907625891013538
13453,-0.7471434325856023
7919,2.5528939656972405
5872,0.6501021985278772
11583,-0.14598962913847124
6783,2.784033420081645
6034,2.3778176408537277
5503,2.2857319420486917
7440,1.6845781386015588
4985,2.0871268735927515
17636,-1.352816949816022
14213,0.5092874586554004
11889,-0.3030546693499119
12611,-0.3680340107563165
13747,-0.8121227739920069
12772,-0.5250990509677571
2212,3.446499520698456
5939,2.5141126669429177
2199,4.409659776089352
1138,4.699352798153257
13541,1.7269370511420838
7835,3.850954315633267
6615,2.996982728932931
10564,-0.08101028773206664
15017,0.014653024859173414
8660,4.73103451453516
9411,0.2980991340972228
9886,0.055284738357126884
14792,-0.5097570653753412
10796,0.6212348568361374
8362,1.5897337103063407
9191,0.7069842123647927
7031,2.0311531745023785
10019,0.07605475247937399
4991,1.1862766605686055
6147,5.204988364659663
6087,4.105533083179576
11941,0.787305539363615
15919,-1.7923859992684275
15530,-0.2073913567586736
16296,-0.3581200536937317
13463,-0.767913446707853
845,7.046322759008834
17318,-1.4033626203765568
9532,2.4463745960463363
1442,9.251569665245388
6462,4.923303239714723
11749,0.8288455676081181
1265,6.602233995773144
3702,5.349291287867818
13936,-0.8121227739920069
16182,-0.9240701721727458
7790,0.8342735961379493
3499,4.427671060721419
8806,0.6654441841202949
3476,3.233460781396648
10542,2.968115387241191
321,11.828591904837776
16544,-1.282409579879781
563,12.075073344814594
10474,0.32787479053550683
16125,0.3025850626299711
10801,2.1503452307060478
5090,6.632917966957979
14050,0.5092874586554004
13113,-0.4330133521627193
15029,0.014653024859173414
1831,5.061359250097016
6713,1.1718429897227374
11683,0.8080755534858657
243,10.269705874529578
92,28.064934044746213
1326,2.204412869852799
7539,3.486278564649851
6245,1.4354273995850804
6805,2.0726932027468834
8024,2.3542888972412968
4176,2.4246962671775343
12556,0.40819611753432916
6628,1.2783623593736415
17109,-2.2716784474722385
7145,1.99870821902444
8431,2.2387638852743557
4992,3.4799422213734665
15353,-1.140686525260758
1758,7.805449917413956
2870,6.878491092188252
7530,1.6845781386015588
13372,-0.904208472797043
11955,0.8378512099241497
17456,-0.7218874899306034
9727,0.8225092243317356
5717,2.2857319420486917
10952,0.787305539363615
334,13.011127242806861
11544,0.1058304089176616
8083,0.3630784755036256
10377,0.07605475247937399
13448,0.18615173591648393
10476,0.32787479053550683
511,14.401273291547927
2288,6.943470433594658
9288,1.2313943025993055
4715,2.2884012410883443
5103,3.385187223528778
8111,1.871418835251287
1556,6.34131888495045
9644,0.5499191721533521
12850,0.2719010914451392
13147,2.2928871696210926
9440,0.2980991340972228
14492,-0.6668221055867818
7535,1.0563179777557963
137,25.21432400777837
5661,2.442796982260134
2070,5.058689951057367
12348,-0.38880402487856713
6835,2.3984982245254507
14987,0.28724307703755514
14092,2.3109878847036924
7284,3.3707535526829098
13970,2.35252791294819
2178,3.4049594924539583
568,15.551274243588548
10149,1.1871849753151515
1045,5.567758055699464
42,39.04414487395465
2973,3.2893450500364914
11837,1.3324856437203785
8625,1.379453700494711
16130,-1.3329552504403193
12889,0.0498567098272904
2314,5.058689951057367
4149,4.235491765992386
10342,1.344250015526594
12541,0.13560606535594566
1183,10.8871994087662
9319,0.6122292145201058
10697,0.6420048709583899
9234,0.6122292145201058
2722,7.287376170455822
16346,-0.6307101058721152
9499,1.2313943025993055
6826,1.6014980821125597
15431,-0.4799814089370553
17184,-1.1813182387587116
801,2.6485016330884896
2468,5.636315010892069
9698,0.7692942547315464
13652,0.9091668946069351
4750,2.821906404089418
10046,1.4182349992490337
10206,-0.23807532794350728
13242,-0.49532339452947305
16425,-0.17127935704400699
6196,5.237433320137605
6404,1.6457074093967137
10464,0.2331197926908164
3133,3.5801252477479935
8846,0.43439416018641275
15800,0.27280940619168526
4668,2.4454662812997867
689,4.598261457032187
5165,1.814536821414368
14209,-1.1262528544148882
7629,2.3452832549252633
9780,1.0834243351544277
1457,12.256575443385014
12444,0.76386622620171
2800,5.150775649862403
6223,2.3778176408537277
597,13.153758612172432
11041,0.5977955436742359
11705,-0.3030546693499119
16157,-0.9240701721727458
4097,2.0365812030322132
3291,2.6377350064793497
9069,1.2313943025993055
448,14.496028289392612
8965,0.8640492525762351
13139,-0.904208472797043
13598,-0.06566830213964892
14236,0.530057472777651
15158,-1.5703416176505804
15389,1.2178689464999835
4676,4.549621846415267
36,30.950747766682174
254,12.175256371189118
17354,-0.13516735732934038
17753,-2.3926314879690107
13761,-0.9691878142034476
14780,0.4235381031267451
9102,0.14103409388578214
14647,0.1509480509483634
491,11.41703752753055
6977,4.052228683128863
12131,-0.27327901291162426
15481,-1.0043914991715681
11379,-0.00969460304928127
11533,0.011075411072971164
12657,0.5860311718680205
15162,-0.34368638284786357
10191,-0.08101028773206664
6141,1.571722425674274
15307,-0.07109633066948184
12456,0.7015561838349598
6764,0.7421878973329132
14279,-1.1262528544148882
3994,3.201015825918706
9132,0.7809691960872343
10561,-0.08101028773206664
15648,-0.1568456861981371
8641,0.9913386363493899
8324,0.8342735961379493
3036,3.7371902879594323
15859,-0.4294357383765188
13143,-0.6108484064964124
13582,-0.5900783923741617
2444,4.901624910845925
5884,2.8490127614880514
9413,1.388459342810748
16527,-1.7860496559920467
11203,0.651010513274425
7965,3.4122041504768816
8737,4.313054363501028
12512,1.3090463305584734
14999,-0.53052707949759
10139,1.0508899492259633
6518,3.08006278542193
13809,-0.015122631579112422
17322,-0.9944775421089851
6342,3.9809129984460796
13233,-0.631618420618663
5723,4.6417075452203065
298,8.091565325691658
13600,2.082607159809463
11536,0.3991904752182922
9076,0.14103409388578214
2164,7.100535473806097
9576,0.2980991340972228
13839,-1.1262528544148882
778,7.318912811187214
10140,0.5264798589914506
1195,10.353694245765126
11000,0.7665355252413644
1337,6.13103887513882
14776,0.5806031433381857
16719,-1.6407489875868198
3749,5.924336479113393
15083,0.20149372150889988
11490,-0.14598962913847124
5192,2.442796982260134
535,16.38981441424594
9469,0.4551641743086652
16860,-0.9385038430186157
2129,6.472275312960331
5182,2.7569270626830154
16083,-0.6514801199943658
2339,4.7445598706344825
10586,-0.08101028773206664
12641,-0.09544395857793653
2806,3.7371902879594323
15246,0.7466738258656616
5701,2.6115369638272625
16757,-1.5044539614976298
9849,0.4136241460641621
9610,0.5914592003978552
15011,-0.12164200123001834
4445,2.821906404089418
3773,2.258625584650062
503,8.27573672330173
14707,-0.9394121577651617
288,10.918736049497593
4773,4.078426725780943
16559,-0.7372294755230211
3357,3.043950785707267
400,9.76330706892714
15250,0.47408377368727983
1565,2.477002922031179
16165,-1.1966602243511257
14799,-0.6668221055867818
16810,-1.2110938951969956
15222,-0.752571461115437
12061,-0.3680340107563165
4984,1.595161738836179
6386,0.9642322789507585
17924,-1.0648849120452244
3501,1.7874304640157384
9605,0.7692942547315464
9150,0.7485242406092958
2190,5.310509989113498
14853,0.6221431715826871
8452,0.6772085559265086
5436,2.2857319420486917
8607,1.7675687646400355
9876,-0.08101028773206664
8853,0.8017392102094849
9748,1.6493744536334383
6629,1.5301823974297726
3937,1.7874304640157384
12226,-0.5250990509677571
630,9.404967661220102
6016,1.7287874658857127
3121,4.051320368382317
11651,1.059895591541995
10975,0.1058304089176616
10234,0.1708097503240662
9408,0.14103409388578214
1446,7.680919263130981
16252,-0.7877751460835558
6073,1.4354273995850804
17047,-1.999088395293855
8171,0.8342735961379493
16281,-1.3329552504403193
8749,0.20601343529218497
15658,0.041759382257804845
760,16.63896515326242
8457,1.358683686372462
1141,11.275314472911525
12853,-0.5250990509677571
7721,2.416598939608047
9331,0.2980991340972228
10486,0.6835448992028912
6174,1.7495574800079652
5445,1.1862766605686055
11143,-0.3030546693499119
15964,0.17805440834699482
7080,0.8784829234221032
13824,-1.1262528544148882
833,7.74856790357704
6770,3.56935862113885
545,7.007452029803989
17714,-2.3926314879690107
9781,0.6862141982425456
9520,1.4715393992997505
12658,-0.5250990509677571
12648,-0.11621397270018363
9095,0.6862141982425456
15319,-0.4799814089370553
183,21.664138125281983
15372,-0.6162764350262453
5069,4.422332462642114
10659,1.344250015526594
10623,1.1248749329484031
13915,-0.9691878142034476
6869,2.250528257080571
14198,1.0752375771344127
3608,4.143406067187353
11830,0.7340905697634259
16155,-2.0144303808862727
4838,3.378761449801871
7380,0.7421878973329132
6243,1.1212973191622009
4317,4.392556806203828
17558,0.010133311075886553
7439,1.66380812447931
10217,1.596070053582725
12670,2.106046472971368
14977,0.7376681835496264
9770,0.4136241460641621
16128,0.029995010451591142
8479,2.395828925485798
8454,1.2016186461610232
6880,2.440038252769952
610,12.232138385026037
17432,-1.8122476986441285
13027,1.433576984841448
14739,-1.0549371697321028
1051,4.500747729697313
4828,2.1936462432436556
5135,3.28133715291753
8273,1.6195987971951524
11900,-0.3030546693499119
4953,1.1862766605686055
3594,5.871121509513202
6158,1.467872355063026
16220,-0.2218250276045417
10628,0.2331197926908164
144,17.98933215805209
8698,0.8342735961379493
15579,0.3558894626806861
7759,4.479214476479029
2981,3.9682403118933145
11634,-0.05123463129377903
17738,-2.801516566236584
15285,-0.34368638284786357
14670,-1.0757071838543535
6819,1.0563179777557963
2857,3.9682403118933145
16698,-1.3681589354084362
11606,1.320810702364689
7778,6.615814997072452
6643,1.4354273995850804
5442,3.921272255118982
15997,-1.7923859992684275
1856,3.238888809926479
5558,4.01344738437454
9540,1.5247543688999414
12978,0.18615173591648393
17067,-1.590203317026285
12741,-0.5250990509677571
3447,3.043950785707267
11222,0.22135542088460092
14589,0.014653024859173414
10608,2.8525903752742536
17277,-1.9485427247333202
11448,-0.3030546693499119
2998,5.894560822675107
5883,2.9022277310882387
1929,1.982368488234954
16063,0.16629003654078112
15412,-0.34368638284786357
13782,0.7818775108337821
6200,3.2903427952335633
13490,1.0662319348183775
16892,-2.458519144121963
16644,0.3531307331905058
17968,-1.3726786491917249
14418,0.17171806507061405
16619,-1.282409579879781
16738,-0.4140937527841029
17188,-1.8420233550824143
13770,-0.40323769572443524
11162,2.579910892645348
13815,1.0960075912566634
5754,2.913992102894454
11954,1.2675063023139757
5936,1.1212973191622009
1047,10.907969422888453
4467,5.492012087683914
1618,10.401570617286009
17472,-0.7660968172147591
1309,7.870429258820355
11357,0.651010513274425
1964,5.25996431855296
12886,1.4426720576080108
9173,0.4136241460641621
605,13.823558801262696
5669,2.3597169257711315
10024,0.07605475247937399
6842,1.6845781386015588
17129,-0.36354808222356816
2946,4.146075366227006
7751,1.4625337569837136
15407,-1.025161513293817
9929,0.034514724234876226
2978,4.051320368382317
9061,1.6701444677556907
2583,4.409659776089352
7166,1.8740881342909397
7370,3.287673496193907
13626,-0.904208472797043
1087,4.3112377340079355
446,5.605631039707237
11994,1.3622613001586643
9409,1.4092293569329968
11507,1.1961906176311885
12125,-0.5250990509677571
4059,1.5653860823978896
10322,1.2611699590375949
8041,1.9246338048514744
14685,0.5598331292159351
17592,-2.0342920802619755
6866,2.1557732592358825
1466,5.345713674081615
1913,9.648690371706746
9189,0.2980991340972228
12281,-0.3680340107563165
16376,-0.37889006781598233
4685,2.697286319355918
4054,2.1936462432436556
5501,1.9716018616258104
10265,1.1456449470706502
6863,0.428057816910032
8755,0.6772085559265086
9592,-0.01603094632565849
9837,0.14103409388578214
12017,-0.4095740390008178
17316,-2.7455428671462148
756,17.089390259774486
4918,5.041497550721314
3611,2.1015605444386196
3841,2.8868857454958246
12662,0.17714609360044697
10214,1.8063500633943583
4383,3.9213616855695044
3864,3.903260970486908
7458,0.8784829234221032
2268,4.7445598706344825
9641,0.14103409388578214
9291,0.5914592003978552
5267,2.599862022471573
1295,11.45048022820556
2772,3.2452251532028598
10302,3.4185404937532624
12811,-0.6821640911791977
12993,0.47951180221711454
11035,1.1105306925530574
5099,4.872757569154185
2747,8.29207645409122
541,9.636017685153984
785,7.434437823154159
3198,2.083459829356027
3583,2.667510662917632
961,8.551993819716841
17819,-1.5243156608733326
3245,2.7948000466907885
5446,3.0619620703393373
553,13.091448569805682
3772,2.3741505966169996
14959,1.48145335636233
10712,-0.08101028773206664
10908,1.2377306458756863
5497,7.113208160358859
5995,1.6457074093967137
525,20.15937537932052
3383,4.928731268244558
7164,2.555563264736893
3818,3.965571012853662
8522,7.119455073184714
17444,-1.6551826584326879
3296,3.977245954209348
15521,0.47408377368727983
1501,2.9897380709100005
11771,1.2585006599979387
13426,0.5002818163393652
2669,10.754481996463213
1278,15.083746167190949
12489,1.7387014229482958
6409,1.2783623593736415
13148,1.3180519728745104
6642,2.9139026724439283
10993,0.35765044697379444
12463,1.9905214610044268
14067,0.3937624466884593
14766,-0.39423205340840006
5780,2.2531975561202273
11985,0.4289661316565798
16758,-0.4140937527841029
11293,1.741370721987952
15283,0.7674438399879122
13141,0.6158068283063045
1333,7.2304941566189065
7728,2.1024688591851657
2293,7.25760051401754
9094,-0.01603094632565849
16933,-0.4140937527841029
10690,0.9145949231367734
5579,2.599862022471573
10079,0.034514724234876226
11844,0.651010513274425
11538,3.5521662208028033
12900,-0.45378336628497173
5036,2.244191913804194
11992,0.40819611753432916
15627,0.6609244703370063
8704,2.689188991786427
3551,3.201015825918706
10485,1.3027099872820926
12325,0.7223261979572104
17755,-0.7570911748987221
4919,1.814536821414368
13742,-0.3084826978797448
7889,1.4625337569837136
5954,3.7706329886344463
7745,0.6772085559265086
3456,5.693286455179511
15577,1.2151996474603308
6463,2.1376725441532862
3975,2.258625584650062
4146,2.1728762291214068
843,10.471888556771724
15231,0.06519869541970813
11475,-0.1667596432607219
16429,-0.8735245016122111
13703,1.2946126597126053
1884,5.4170293587644025
7118,1.52751309839012
12071,0.2719010914451392
11773,1.824450778476951
1007,11.945114662001789
13344,1.3595920011190081
7387,1.1718429897227374
13913,-0.9691878142034476
4820,3.293101524723742
2107,3.959234669577281
8570,0.8135035820157004
16464,-1.146114553790591
7588,2.7424933918371437
11048,0.923600565452805
542,8.263972351495514
7368,1.3704480581786775
2799,5.150775649862403
12864,-0.904208472797043
8962,-0.01603094632565849
9229,0.8640492525762351
14007,-0.8536628022365065
16073,-1.7418403287078892
2808,4.522515489016637
7946,1.7883387787622844
6503,1.1212973191622009
9804,0.9380342362986749
2063,6.943470433594658
12602,-0.6821640911791977
3035,8.29207645409122
3907,6.813511750781849
6215,3.477272922333814
3106,3.612570203225932
10835,-0.23807532794350728
5555,3.7109922453073487
9279,1.0743292623878649
2889,2.166539885845026
3985,2.898560686851514
17030,-1.3176132648479015
8299,0.5201435157150662
14852,0.4235381031267451
10539,1.0093499209814603
2047,3.8021696293658387
4727,2.6440713497557304
3552,3.7461959302754657
16604,-0.6009344494338276
14353,-0.9691878142034476
3767,4.531521131332671
17502,-1.7409320139613431
13752,-0.5810727500581265
5918,1.4886423691852713
1635,9.731770428195745
6125,1.3731173572183337
15334,0.06519869541970813
1486,4.246258392601529
1762,8.433710078259722
8837,0.6122292145201058
5668,2.2857319420486917
8207,0.6772085559265086
12941,-0.7471434325856023
6384,1.7080174517634639
1576,4.717453513235853
4895,2.2857319420486917
2091,3.330974508731515
6517,2.47257263869842
16043,-0.37889006781598233
10902,-0.32382468347216253
11934,1.960745804566141
15740,-1.6560909731792357
16210,-0.7877751460835558
9085,2.6242096503800276
8972,1.3144743590883081
1659,10.286045605319067
12026,1.6556213664592967
786,17.821500491231507
14352,0.9181725369229721
11084,-0.14598962913847124
7441,1.8948581484131886
1311,12.727770564019337
9836,1.9751794754120127
8551,2.8877940602423706
9752,0.25655910585272146
8255,3.2759091243876917
17116,-1.590203317026285
17320,-0.3130024116630299
5084,2.1818818714374437
14662,-0.39423205340840006
15270,-0.888866487204627
15628,-0.1568456861981371
10091,0.5472498731136977
12199,-0.2317389846671265
13132,-0.904208472797043
12259,0.5860311718680205
3428,2.8868857454958246
16065,0.16629003654078112
14906,0.7168981694273757
12397,-0.6821640911791977
10482,0.07605475247937399
14971,0.6429131857049377
16598,0.8658658820693308
7250,1.8948581484131886
13282,1.297281958752258
11329,0.6302404991521744
6824,1.52751309839012
4542,2.1936462432436556
4852,3.82651725727429
13829,-1.1262528544148882
12702,1.4038013284031656
12192,0.020081053389006343
262,10.761671009286154
7723,0.7304235255266995
9247,2.5826696221355263
11839,-0.14598962913847124
7783,0.6772085559265086
6564,1.7080174517634639
5451,0.8721465801457242
3951,6.259236573658523
2664,1.6745747510884534
13376,0.8883968804846845
11472,1.7621407361102008
7182,1.99870821902444
10493,1.2702650318041542
800,6.397292584040823
16603,-1.4187046059689745
10868,0.3694148187800099
10833,1.3027099872820926
14188,1.0960075912566634
1422,15.587386243303214
16382,-0.7372294755230211
10797,0.3486448046577575
13260,1.4543469989637003
7923,1.1484036765608305
3010,7.465211224789513
3879,4.395226105243481
4469,2.9283363432897964
9141,0.8848192666984858
41,47.682722085583904
7438,0.7421878973329132
11515,-0.4601197095613525
4147,4.582066801893209
12329,-0.38880402487856713
16993,-0.5945981061574503
595,10.074767850310366
6631,1.571722425674274
16607,-1.5549996320581645
13439,-0.7471434325856023
10840,0.32787479053550683
4591,2.1313362008769055
10782,-0.08101028773206664
17644,-1.1659762531662956
15129,-0.34368638284786357
3211,2.7948000466907885
4096,4.56129678777096
6080,1.7287874658857127
2546,9.080070954188077
17832,-1.6606106869625226
414,8.998751881992185
10338,-0.2588453420657544
3284,2.7948000466907885
9984,-0.23807532794350728
12484,0.8378512099241497
8786,0.529149158031105
9931,1.1871849753151515
1411,4.874518553447292
9204,0.2980991340972228
11913,0.6925505415189246
12022,0.13560606535594566
6062,1.823542463730405
16282,-0.20105501348229105
11387,0.6925505415189246
6351,1.7495574800079652
10147,0.07605475247937399
12724,0.9741462360133397
1629,5.437799372886651
2335,5.529885071691687
6490,1.1005273050399502
2724,5.769940737941603
797,6.418062598163068
4646,2.1728762291214068
17020,-0.9087281865803316
9112,1.0003442786654286
68,18.717775345272376
87,26.820178094860896
15446,0.06519869541970813
2548,3.1531394543978237
15505,-0.752571461115437
16214,-1.7418403287078892
12904,-0.18119331410659179
16439,-0.8735245016122111
441,14.087143211125042
5188,3.8563823441631015
3604,2.0600205161941183
4138,1.5653860823978896
15352,-0.8680964730823764
5310,4.798772585431745
4570,4.383461733437269
14491,0.8324231813943168
16451,-0.7372294755230211
2761,4.795105541195017
7856,2.144008887429667
17959,-1.9178587535484883
8121,1.3054687167722712
11568,-0.00969460304928127
17414,-0.7218874899306034
17094,-1.999088395293855
17267,-2.2003627627894513
5640,3.0710571431058966
15086,-0.888866487204627
17181,-1.862793369204665
3844,3.4736058780970858
9267,0.14103409388578214
7194,2.2712982712028236
3887,7.912967032261932
3103,2.356049881534407
13873,0.12117239451007755
16708,-1.6407489875868198
6641,2.347952553964916
7509,3.560263548372287
10078,0.6420048709583899
6279,2.0753625017865325
4397,2.6648413638779758
12979,-0.904208472797043
8940,2.434699654690643
6492,2.2207526006422853
6575,2.5050175941763584
1530,7.63937923488648
2189,3.4257295065762072
3533,3.3580808661301482
2151,9.592806103066902
2595,4.1279746511444095
5524,3.050287128983644
13816,-0.9691878142034476
1139,12.007424704368539
15899,-0.1568456861981371
14458,-0.12164200123001834
11611,0.6925505415189246
11369,2.013960774166332
16045,1.0256002213204258
10891,1.6050756958987584
4008,2.1963155422833083
5483,1.6574717812029292
3871,3.034855712940704
7500,2.481578281014457
1858,5.3339493022754
7239,2.460808266892201
14642,-0.53052707949759
5656,2.475241937738069
11860,0.5147154871852351
4777,2.0365812030322132
4450,1.722451122609332
17395,-0.8581825160197933
16158,-0.5151850939051723
7818,0.8874885657381402
6449,2.546557622420856
16889,0.4036764037510405
9852,0.2980991340972228
1427,4.403323432812972
13745,0.23669740647701865
13771,3.211838097727835
6280,3.091737726777623
12250,-0.6821640911791977
11110,-0.4601197095613525
13138,0.4587417880948639
1624,6.380189614155295
12065,-0.5250990509677571
1626,7.008449775001061
490,10.788777366684787
3942,3.924030984609157
2714,5.571335669485663
7806,0.6772085559265086
10304,0.9353649372590205
4721,4.122546622614575
2545,3.173909468520076
8225,1.1484036765608305
11752,1.6881557523877575
9508,0.2357890917304708
7739,2.197223857029858
7189,1.8416431788130012
6768,2.5971032929813944
13927,-0.9899578283256982
6390,1.1212973191622009
11599,0.5354855013074822
8276,0.8342735961379493
17597,-0.9231618574261997
13540,-0.6108484064964124
6088,1.5924924397965228
12310,-0.6821640911791977
8852,0.2773291199749721
135,18.08408715589678
16518,0.21683570710131583
2295,3.959234669577281
17501,-1.0594568835153897
1617,6.223124573943856
11805,-0.4601197095613525
13253,1.244066989152067
4350,6.938042405064824
2735,2.951865086902231
671,14.80748907077584
7566,3.3915235668051587
9181,0.2773291199749721
15810,-0.07376562970913625
14741,0.44430811724899577
10721,0.7782998970475798
8800,1.388459342810748
16470,-0.15050934292175633
17098,-1.3176132648479015
4316,4.090101667136636
12490,0.5444911436235191
17398,-1.4033626203765568
17243,-1.8122476986441285
6660,1.2783623593736415
8933,1.3975544155773107
4249,1.8795161628207708
10013,0.07605475247937399
7709,3.056534041809499
11519,2.4734809534449624
6171,1.5924924397965228
11360,-0.4601197095613525
5851,2.724392676754551
4628,1.4083210421864507
5123,3.385187223528778
12142,1.5076513990144171
7789,0.5201435157150662
231,30.249410936860517
6282,3.7407679017456346
2590,6.001080192326011
17708,-0.8933862009879139
584,8.619642460162897
6718,2.3452832549252633
14216,0.530057472777651
7688,1.0563179777557963
9175,0.5914592003978552
12469,1.5076513990144171
8764,1.3379136722502132
7324,4.324818735307243
4261,2.1936462432436556
16019,-1.1966602243511257
10462,0.7990699111698305
2442,6.6825553227719645
4476,3.607231605146623
4251,2.487006309544288
4857,1.814536821414368
15166,-1.4340465915613905
7136,1.349678044056425
5708,3.429307120362406
12144,-0.0006889607332443148
17809,-1.5243156608733326
6422,1.1212973191622009
252,3.536679159559874
9994,-0.08101028773206664
14800,0.1509480509483634
5540,7.240408113681486
13840,0.12117239451007755
13973,0.12117239451007755
13525,1.160986932663068
16625,-1.5549996320581645
16896,-0.4140937527841029
16037,-0.5151850939051723
14580,0.1509480509483634
4421,1.0734209476413206
11140,0.37842046109604155
5858,4.505323088680591
9509,0.6862141982425456
1555,4.918638450280923
10824,0.8730548948922703
8982,1.587064411266688
2272,3.173909468520076
1189,4.62536781443082
95,10.159519460641953
16611,0.5101957734019464
15846,-0.5657307644657106
7848,0.8874885657381402
12263,0.2719010914451392
13799,-0.15141765766830417
12628,-0.6821640911791977
1698,5.627309368576032
14538,0.4235381031267451
15206,-0.752571461115437
16435,-1.282409579879781
3369,1.7251204216489882
14346,-0.15141765766830417
1882,6.380189614155295
17509,-1.489111975905212
7154,2.5971032929813944
15883,0.6609244703370063
17033,-0.22725305613437463
11181,0.1058304089176616
8286,3.03318415909812
12704,0.13560606535594566
7029,1.1095329473559854
11465,1.1429756480309994
1321,7.073429116407464
5334,2.2234218996819415
818,17.685205465142314
6421,1.1005273050399502
16452,-2.236474762504118
11991,0.40819611753432916
88,11.74193423456257
5969,2.0429175463085976
7453,0.7421878973329132
12378,-0.8392291313906384
15118,-1.4340465915613905
3514,7.598836951839051
12500,1.6556213664592967
1478,5.345713674081615
17931,-1.8826550685803678
15146,-0.5955064209039964
8398,1.5572887548284022
999,9.494384060985485
17287,-1.6759526725549385
5528,1.5004067409914867
16945,-0.2362586984504116
12718,1.2467362881917232
16982,-0.6866838049624828
4392,6.905597449586882
11330,-0.00969460304928127
12308,-0.5458690650900078
5120,8.633223461462208
15248,-1.4132765774391398
2774,5.936100850919605
3413,3.7254259161532204
11270,0.5354855013074822
2852,5.150775649862403
2149,2.859779388097195
12577,2.304651541427308
15452,-0.6162764350262453
7938,1.222388660283272
5943,1.1212973191622009
15026,-0.23716701319695943
3803,5.358386360634377
11287,1.8984357621993944
6484,3.21635781151112
16665,-1.5549996320581645
3395,2.6467406487953795
1034,11.536229583734215
16670,-0.6956894472785198
7012,3.9691486266398606
10185,1.596070053582725
6326,1.1212973191622009
221,20.416623445906485
210,22.53245395237766
1066,12.792749905425744
7685,1.3704480581786775
6900,1.1926130038449863
712,6.157147487340378
15411,-1.5703416176505804
11263,0.011075411072971164
1661,6.830614720667366
16818,-0.5296187647510422
3888,3.043950785707267
2610,5.248199946746745
10585,0.07605475247937399
6155,1.5509524115520215
1496,6.027188804527569
4695,6.5914673691640004
12379,-0.3680340107563165
8384,0.8342735961379493
16915,-0.9592738571408663
11786,0.5147154871852351
4892,7.783008349449123
5624,3.8148423159186002
2420,5.426035001080436
17271,-1.2670675942873668
2932,3.7371902879594323
14985,-0.6668221055867818
11096,1.1961906176311885
8706,1.6520437526730944
6470,2.839917688721492
8680,3.2226941547875008
11265,0.24212543500685157
8406,1.9246338048514744
5299,1.5004067409914867
15237,-1.727406657862021
2037,7.479644895635385
17051,-1.4331382768148444
14668,-0.8771021153984115
15915,-0.9746158427332823
17452,-2.2211327769117
4034,2.821906404089418
12509,-0.3680340107563165
12829,0.5444911436235191
11282,-0.3030546693499119
7735,5.90447477973769
1395,7.011119074040717
9778,0.14103409388578214
17887,-2.2915401468479413
13080,0.34321677612792456
14720,0.014653024859173414
15960,1.0373645931266395
5144,4.004352311607981
8003,1.2963736440057119
52,34.110149285993586
9933,-0.08101028773206664
14633,0.4235381031267451
13610,1.6321820532973916
1074,8.960878897984411
12863,0.3224467620056739
9679,-0.01603094632565849
7340,1.7585631223239986
1038,6.720428306779741
17044,-1.1813182387587116
3757,1.6303654238042995
12212,0.9533762218910926
11425,-0.3030546693499119
11857,-0.1667596432607219
13509,0.47951180221711454
11610,-0.3030546693499119
11131,1.3947956860871287
1727,5.375489330519898
5077,4.484642505008864
6624,1.2783623593736415
4233,3.9745766551696953
9306,0.14103409388578214
9791,1.2729343308438068
329,7.37755580931724
14807,0.28724307703755514
8433,1.871418835251287
2513,6.001080192326011
1053,8.605208789317032
13491,0.18615173591648393
7647,2.784033420081645
7,51.62645106075544
13297,-0.22273334235108955
8693,0.5201435157150662
10663,0.5057098448691999
2858,5.058600520606838
3377,3.043950785707267
16113,0.2286000789075313
14914,-0.2579370273192083
12430,-0.21096897054487407
12006,-0.27327901291162426
10654,-0.23807532794350728
5926,2.0013775180640963
15134,-0.45921139481480466
12831,0.7430962120794629
10541,0.07605475247937399
12340,-0.6821640911791977
11172,0.24212543500685157
1749,3.6270038740718036
15402,-0.07109633066948184
7435,1.6430381103570575
8025,1.1484036765608305
4680,3.4501665649351807
1223,5.535223669771
245,23.79806934683575
4300,1.5653860823978896
6972,1.8948581484131886
10043,-0.23807532794350728
3529,3.9863410269759108
8875,-0.01603094632565849
14954,-1.3482972360327352
8891,0.5706891862756027
1106,12.771979891303491
17733,-1.5748613314338673
12587,3.2678117968182043
16693,-1.4187046059689745
3858,2.6052006205508818
17508,-0.5350467932808769
11073,1.0066806219418059
2142,4.430429790211601
7533,0.27099277669859134
12104,-0.5250990509677571
2490,2.169209184884682
6639,3.21635781151112
9235,1.367689328688499
13342,-0.5900783923741617
9757,1.3975544155773107
7494,2.8164783755595835
6445,2.3155075984869775
14223,-0.8536628022365065
12178,2.1475865012158657
4850,1.5653860823978896
14364,0.17171806507061405
4184,3.293101524723742
17978,-2.4124931873447135
8637,1.5780587689506547
14278,-0.8121227739920069
11563,0.9028305513305543
16289,-1.857365340674832
14646,-0.12164200123001834
11578,0.6717805273966757
4101,3.2424664237126777
12530,0.6807861697127091
15819,-0.4294357383765188
6057,2.232427541997975
17028,-2.1353834213830467
4051,2.4454662812997867
13494,0.8676268663624374
5632,1.9716018616258104
17235,-0.9087281865803316
14049,0.1419424086323282
4356,1.5653860823978896
5086,1.5004067409914867
12352,0.13560606535594566
10672,0.055284738357126884
7186,1.52751309839012
12647,0.4497361457788269
6597,1.8027724496081525
11362,3.4067761219470505
16277,0.3025850626299711
13348,1.516657041330447
16927,-0.4140937527841029
3091,7.192621172611133
13955,1.88133279231387
10716,-0.23807532794350728
2447,4.430429790211601
6468,2.273967570242476
4589,2.978971444300857
5104,3.2397971246730286
5652,4.045892339852479
1088,6.038953176333788
4877,1.5004067409914867
12304,-0.3680340107563165
14367,-0.12164200123001834
290,14.845362054783617
16413,-0.44386940922238693
11865,0.4939454730629844
8311,1.494978712461652
5074,3.8472872713965387
13650,-0.7471434325856023
12024,0.7015561838349598
9526,0.2980991340972228
15210,0.3585587617203405
11788,0.4939454730629844
14422,-0.39423205340840006
14357,-0.40323769572443524
2449,3.330974508731515
13223,1.5491019968083926
8874,0.7069842123647927
8623,1.379453700494711
7774,1.5572887548284022
9743,0.43439416018641275
12854,-0.0006889607332443148
13602,1.5698720109306414
17219,-1.1397782105142102
6278,4.5260931028028395
2292,5.529885071691687
16599,-0.24526434076644676
1212,11.693294623945658
2887,8.763271574725543
9014,0.2980991340972228
9017,1.252164316721558
7219,3.592708503850229
13766,0.10040238038782867
9249,1.1158692906323662
614,17.163464673947455
4426,4.131641695381134
916,6.7854076481861405
4362,2.300076182444034
1498,11.314185202116366
9027,0.2980991340972228
12462,0.17714609360044697
17952,-1.2869292936630696
10961,2.5474659371674058
623,11.666188266547028
378,16.979293276337383
4563,1.8795161628207708
6955,1.4444330419011173
4425,2.7803663758449204
3342,1.9444955042271808
16295,-0.9033001580504951
9773,2.4048345678018315
2871,7.654721220478894
5721,1.1862766605686055
6069,3.583702861534192
15985,0.041759382257804845
6802,1.2133830179672351
14424,0.44430811724899577
14087,0.41453246081070994
2211,8.671185875920504
17641,-2.5289265140582025
3024,7.361361154178262
17510,-0.8076368454592586
1310,10.131649864147281
11010,-0.3030546693499119
1009,16.500000828133576
8736,3.077304055931755
3653,1.9444955042271808
6400,0.9642322789507585
17701,-2.3926314879690107
8380,0.5201435157150662
17511,-2.443177158529547
5841,0.9642322789507585
7384,1.7170230940794973
970,5.798808079633343
12513,1.1727513044692834
13095,0.2276917641609817
4313,4.330246763837078
4050,1.0941909617635677
17827,-1.6606106869625226
8985,0.8432792384539862
16044,-1.0603651982619358
5749,4.484642505008864
5550,2.987977086616894
7945,0.9290285939826397
16726,-0.6866838049624828
14639,0.44430811724899577
12994,-0.49532339452947305
12461,-0.3680340107563165
15714,-0.8383208166440923
15806,-0.1568456861981371
6033,2.1792125723977875
14655,1.2828482879063898
10790,0.3694148187800099
10376,0.39018483290225703
2122,5.268969960868997
6590,2.691947721276609
10036,-0.08101028773206664
9296,3.6198148612488623
8666,0.8135035820157004
10157,0.6835448992028912
16394,-2.236474762504118
8930,1.0950992765101155
4170,5.859357137706983
13876,-0.4447777239689348
2344,7.708025620529607
3910,2.258625584650062
17487,-0.9439318715484486
9280,1.1574093188768693
8189,1.243158674405521
2327,3.896924627210531
17222,-2.68056352573981
7505,2.3037432266807585
15289,0.16904876603095964
4799,2.978971444300857
16226,-2.0144303808862727
1458,11.314185202116366
12910,1.4219020434857619
9071,0.9380342362986749
16989,-1.3176132648479015
11337,-0.00969460304928127
7400,1.1926130038449863
14075,1.3478276293127962
9138,0.9055892808207364
10003,2.570905250329311
16563,0.4894257592796958
17179,-1.3176132648479015
1940,5.3339493022754
4548,7.219727530009763
15483,0.8829688519548533
5437,3.1658121409505853
15620,-1.383500921000854
279,19.06534812637027
8351,3.264234183032002
555,13.290053638261625
16143,-0.6514801199943658
1351,2.0473478296413568
4707,1.8795161628207708
8301,2.7722690482754295
11088,0.787305539363615
11376,-0.187529657382969
2045,8.336285781375373
208,14.741511984172366
9620,0.2980991340972228
3094,2.6377350064793497
1107,5.7572680513888415
5894,2.0636875604308464
13991,0.9181725369229721
13358,1.433576984841448
14801,-0.6668221055867818
14969,0.28724307703755514
17463,-0.8581825160197933
1743,4.181279051195123
17580,-1.2165219237268303
2842,4.596500472739081
16395,-0.6956894472785198
9254,0.9263592949429871
798,3.433826834145691
12685,-0.4303440531230649
16492,-1.6082146016583536
7365,1.99870821902444
6408,0.9642322789507585
11398,0.48227053170729306
14614,-0.8031171316759718
17159,-1.590203317026285
8862,2.6981946341024674
476,9.375192004781816
17639,-0.8726161868656632
12617,0.9741462360133397
7330,2.3128382994473213
17433,-0.5855924638414116
9681,0.14103409388578214
15669,-0.4294357383765188
14796,-0.3734620392861494
12610,0.8378512099241497
2939,5.769940737941603
5164,1.6574717812029292
11211,1.2052856903977478
9690,3.913174927549491
2553,1.6032590664056663
13423,-0.904208472797043
9274,0.14103409388578214
9024,1.7973444210783214
15548,-0.1568456861981371
1989,10.674160669464388
2298,3.6451045891543963
6413,2.347952553964916
13533,0.7313318402732438
14632,0.5598331292159351
5715,2.128666901837253
7327,0.428057816910032
11275,-0.00969460304928127
17786,-1.9332007391409043
11264,-0.4601197095613525
12270,0.8378512099241497
9612,1.1158692906323662
16536,-1.4187046059689745
676,10.566732985066938
13199,-0.4330133521627193
13339,-0.2967183260735293
16129,-1.7418403287078892
8145,1.1276336624385817
15005,0.17171806507061405
17789,-1.3880206347841408
11433,0.7340905697634259
4800,1.8795161628207708
10858,1.4390050133712862
16974,-1.169553866952496
11633,0.14737043716216114
11385,-0.6171847497727931
496,12.359427768799193
1548,11.942445362962133
17372,-2.2211327769117
2088,3.603564560909895
17239,-2.2003627627894513
12190,-0.5250990509677571
16486,-1.146114553790591
8836,0.9263592949429871
16761,-0.4140937527841029
9160,2.3931596264461454
11,50.10634632920157
16688,-0.6009344494338276
11426,-0.4601197095613525
11720,2.1801208871443336
13994,-0.3084826978797448
15269,-0.2073913567586736
7676,2.795708361437338
4639,6.760207350731132
10850,-0.23807532794350728
3039,4.042225295615754
10016,1.5337600112159748
9285,1.0950992765101155
7429,1.8325481060464384
13001,0.18615173591648393
4125,4.445771775804015
14617,0.28724307703755514
15625,0.2520393920694346
16291,-0.6514801199943658
14241,-0.18386261314624264
5505,1.9716018616258104
6309,1.5509524115520215
1125,7.452538538236755
4566,1.5653860823978896
8931,0.4551641743086652
8371,0.9913386363493899
2110,5.372820031480249
6714,1.6845781386015588
7939,1.8830937766069766
551,9.38419764709785
4876,1.4380966986247365
13929,0.23669740647701865
7318,1.6222680962348086
15171,-0.34368638284786357
3792,2.1015605444386196
15197,0.33778874759808986
15314,1.0075889366883537
5327,1.6574717812029292
327,23.063289816339076
638,13.393903708872877
5774,2.4102625963316697
13357,0.8883968804846845
3334,2.258625584650062
8354,2.2387638852743557
15848,0.11574436598024462
12754,1.6556213664592967
5588,3.2397971246730286
17776,-2.205790791319286
14824,0.9894882216057574
11218,-0.14598962913847124
11965,-0.5250990509677571
15417,-1.0043914991715681
6114,3.0060778016994902
1988,5.156114247941709
5110,4.6417075452203065
1560,11.586775254294746
11677,0.6925505415189246
6204,4.944073253836972
11977,0.020081053389006343
6997,4.158658622329245
11346,1.741370721987952
4882,2.128666901837253
7996,1.6195987971951524
16250,-0.7877751460835558
5283,1.7729967931698702
3287,10.019791896417072
4938,2.475241937738069
1596,3.5530188903493602
15069,0.20149372150889988
336,6.728525634349225
7978,0.8135035820157004
532,6.734861977625606
35,35.798993999114586
7257,2.0311531745023785
13129,-0.5900783923741617
13908,-0.6550577337805645
17131,-1.4331382768148444
10605,-0.08101028773206664
15965,-0.1568456861981371
899,11.559668896896117
4758,1.0941909617635677
7828,1.3379136722502132
2899,5.612875697730161
16998,-0.7724331604911381
11393,0.9443705795750557
7402,1.014777949511295
269,25.36871974895016
3628,2.1015605444386196
6341,1.2783623593736415
2622,6.261905872698176
2291,3.4880395489429574
6199,2.0753625017865325
8191,2.2179938711521032
4744,1.722451122609332
10980,0.24212543500685157
15629,-0.5657307644657106
5525,2.558321994227075
9458,1.5546194557887496
17247,-0.9529375138644856
10886,1.1871849753151515
2203,4.231824721755661
11278,-0.3030546693499119
10923,0.1058304089176616
17144,-0.49984310831275813
3309,1.473300383592857
14870,0.9894882216057574
4910,2.7569270626830154
6188,2.47257263869842
9032,1.5247543688999414
17859,-1.2517256086949509
6407,3.2371278256333724
14428,-0.2579370273192083
3577,4.804111183511054
558,8.210757381895327
1010,6.038953176333788
6905,1.2133830179672351
10413,2.1204801438172396
14073,1.8605627781916176
3142,8.20899639760222
11950,1.916536477281987
14899,0.035423038981422295
537,9.615247671031732
5228,1.1655066464463548
1134,4.62536781443082
13013,0.34321677612792456
3935,2.258625584650062
12909,-0.06566830213964892
2811,2.0094748456335836
14497,-1.0549371697321028
11729,1.824450778476951
5538,3.228122183317339
15301,0.1275087377864601
8044,1.6520437526730944
8438,0.9913386363493899
6479,2.0429175463085976
7833,0.6772085559265086
15989,-1.383500921000854
3180,4.575730458616828
1717,11.406270900921403
9940,0.757529882925331
14404,-1.3482972360327352
17286,-1.130772568198175
5718,2.6323069779495114
17702,-1.3022712792554856
3170,4.753565512950519
5293,3.595467233340411
1067,9.432074018618732
15351,-0.45921139481480466
7269,1.6430381103570575
11291,1.5518607262985675
13713,-0.5810727500581265
17427,-1.1100025540759262
7795,0.9913386363493899
7309,1.3704480581786775
8416,1.4417637428614647
17737,-1.5748613314338673
1531,8.329949438098993
920,6.492047581885515
324,12.791752160228672
890,13.48598940767791
10124,0.7367598688030803
17697,-2.665221540147394
13331,2.008622176087023
17788,-2.7509708956760495
10601,1.166414961192901
15907,0.29357942031393414
14884,0.035423038981422295
14168,-0.9691878142034476
9404,0.9588042504209255
8536,2.090793917829476
469,12.338657754676941
7355,2.8164783755595835
11923,1.5934007545430724
7476,3.1721484842269696
1792,3.08182376971504
10822,1.0093499209814603
649,19.34160522278538
14303,-0.5603027359358759
14479,-0.2579370273192083
2829,3.265995167325112
10725,0.4641698166246968
900,8.459908120911802
7442,2.0311531745023785
5393,1.814536821414368
4931,2.913992102894454
17507,-0.9439318715484486
2976,3.5801252477479935
2686,4.765240454306209
9731,0.5914592003978552
719,5.214757246071731
12828,-0.6821640911791977
17468,-1.2165219237268303
10940,0.8080755534858657
10162,0.7782998970475798
1710,4.024214010983684
5256,2.128666901837253
13093,-0.904208472797043
16923,-2.185929091943583
11800,0.37842046109604155
13949,0.5508274868998999
6555,2.0636875604308464
872,4.702022097192913
16290,-0.6514801199943658
1622,9.14505029559448
12146,-0.5250990509677571
5440,1.7522267790476178
12931,-0.904208472797043
13403,-0.3590283684402795
596,15.038539094709723
17089,-1.5694333029040344
14235,0.9181725369229721
16266,-2.0144303808862727
7964,0.5201435157150662
9406,1.252164316721558
13158,0.8974919532512473
9708,1.0950992765101155
9955,2.319085212273176
4616,2.507776323666537
15393,0.7466738258656616
3641,7.044561774715728
5040,2.599862022471573
15336,-0.752571461115437
14821,-1.3482972360327352
1594,7.689924905447015
7804,1.5988287830729035
12028,-0.6821640911791977
11710,0.651010513274425
1527,4.403323432812972
9486,0.5499191721533521
3857,2.7298207052843857
9205,1.450769385177498
10933,-0.1667596432607219
7935,4.772574542779662
12210,0.23945613596719717
3895,2.803805689006822
8895,0.25655910585272146
9283,2.3632945395573337
15588,-1.7923859992684275
8082,0.18524342116993608
1022,5.149777904665331
9788,0.7069842123647927
7043,1.8416431788130012
6453,3.877062927834828
11103,-0.14598962913847124
2198,6.1581452325374535
7644,1.6430381103570575
12305,-0.5250990509677571
3920,3.8617209422424104
14534,-0.39423205340840006
13485,2.177362157654155
5162,0.7150815399342836
10317,-0.08101028773206664
7146,2.4699033396587637
7283,0.7421878973329132
4560,1.4083210421864507
15087,1.1646539768997943
1097,9.422978945852172
16705,-0.6866838049624828
7906,5.045164594958042
7768,1.5572887548284022
8397,4.239069379778588
10171,-0.23807532794350728
9513,0.43439416018641275
1004,11.201329489189082
2977,6.30344590094268
7513,4.336493676662933
12197,1.812686406670739
16237,0.3441250908744724
6886,0.8992529375443556
11435,-0.14598962913847124
10763,0.7367598688030803
10470,0.7043149133251383
12878,-0.904208472797043
6617,3.791403002756695
1660,5.2807343326752125
5910,1.5301823974297726
438,14.537568317637113
3974,6.499381670358968
9815,-0.01603094632565849
6580,0.8071672387393178
16348,0.113075066940592
10506,-0.23807532794350728
6207,3.1631428419109326
15326,-0.07109633066948184
12032,-0.25250899878937716
783,17.015405276052054
17865,-0.4339554521598057
14910,-0.7823471175537211
17615,-1.625407001994402
2064,4.430429790211601
3139,7.580736236756458
4171,3.9005916714472555
14732,2.100618444441537
2668,5.266300661829341
17259,-0.8581825160197933
16385,-0.8735245016122111
7307,0.9524679071445448
5793,7.960753973332292
4410,2.978971444300857
6848,0.7421878973329132
14347,0.530057472777651
15643,-0.29314071228732885
3728,2.1015605444386196
14829,-0.53052707949759
15382,0.08596870954195879
17504,-1.2165219237268303
16973,-0.4140937527841029
5147,3.3228771811620277
8010,0.4786034874705667
811,8.931103241546122
15367,-0.752571461115437
11430,1.9399757904438921
15062,0.06519869541970813
15238,-1.140686525260758
13558,0.24846177828323412
5006,1.9716018616258104
11446,1.6141707686653213
8997,0.6654441841202949
9135,0.43439416018641275
7682,1.8740881342909397
954,12.32155478479142
7148,0.7006478690884137
3643,2.5519856509506944
4886,2.579092008349324
15175,-0.5955064209039964
5438,1.6574717812029292
7596,1.3081380158119273
11674,0.4939454730629844
4865,2.2857319420486917
13418,1.024691906573878
4005,4.469211088965924
12318,-0.11621397270018363
4529,3.272331510601493
6681,2.5646583375034524
7615,0.428057816910032
8155,1.1484036765608305
14723,-1.369067250154984
2492,3.4880395489429574
7313,3.7173285885837295
16288,-1.3329552504403193
15022,0.9687182074835086
13067,-0.904208472797043
1358,12.078740389051326
6927,2.1557732592358825
17583,-0.6713418193700669
10548,2.8941304035187514
1848,5.3339493022754
5300,7.30271815604824
5907,1.2783623593736415
1730,2.391253566502524
17648,-1.983746409701439
9720,0.4136241460641621
8769,1.7883387787622844
17269,-0.7218874899306034
12443,-0.5250990509677571
8436,0.6772085559265086
14894,1.146553261817198
7705,4.805019498257604
11237,0.787305539363615
9651,1.4299993710552492
4482,0.937125921552127
16689,-1.8275896842365444
3996,3.043950785707267
2364,6.608570339049525
13004,0.09139673807179172
14716,1.1673232759394505
4597,2.676516305233669
11560,0.7665355252413644
12557,1.4868813848921647
11407,-0.20829967150521966
5261,5.269967706066069
11832,1.8452207925992
12196,1.3505863588029747
5211,2.128666901837253
9634,1.7973444210783214
3675,1.9977104738273717
17565,-0.6713418193700669
11240,0.3991904752182922
5682,4.140647337697171
4692,1.974271160665463
510,11.731167607953427
12894,0.9507069228514382
1241,8.288409409854491
6396,3.133277755022121
14763,-0.39423205340840006
3550,1.9444955042271808
9451,1.367689328688499
717,6.921702674275334
9066,0.4136241460641621
5782,1.959837489819595
772,6.889257718797392
2580,3.4880395489429574
11770,0.8080755534858657
14119,0.9181725369229721
9364,0.2980991340972228
8151,1.755893823284346
8661,2.511353937452739
3709,4.196621036787544
12684,-0.27327901291162426
7472,1.3704480581786775
12312,1.0156862642578428
4600,2.9166614019341104
7972,1.3054687167722712
4447,3.1152664703900506
2644,6.407295971553928
1372,3.460933191544324
15191,-0.2073913567586736
16201,-0.20105501348229105
14822,-1.2120022099435435
8270,1.5988287830729035
2326,3.950139596810722
6074,1.906622520219404
8719,1.6935837809175922
1057,19.98787666826321
379,9.28310630597678
1497,7.461544180552789
17249,-1.4033626203765568
150,8.680954757332575
8596,2.1024688591851657
13858,-0.15141765766830417
11667,-0.14598962913847124
3505,3.93570592596485
9707,0.14103409388578214
11239,0.37842046109604155
17381,-0.17670738557383991
3635,6.028186549724641
3236,9.391531735571306
1609,7.3225798554239425
11219,0.651010513274425
340,14.466252632954333
17080,-1.590203317026285
9769,1.2937043449660592
12625,-0.5458690650900078
11523,0.32520549149585243
13412,-0.767913446707853
16258,-0.6514801199943658
8715,0.9290285939826397
7960,1.0860936341940821
16241,0.029995010451591142
10661,2.360625240517681
10283,2.372300181873367
123,28.954109316414662
6025,0.4930371583164366
2767,2.323604926056465
14727,-1.3482972360327352
5965,2.756837632232486
3660,3.704655902030968
16142,-1.3329552504403193
7305,0.428057816910032
17280,-1.4033626203765568
5491,2.5375519801048227
5722,2.1818818714374437
8841,0.7069842123647927
5480,4.182187365941672
13993,0.5092874586554004
15260,-0.3229163687256147
6567,3.2371278256333724
15138,-0.6162764350262453
7202,0.5851228571214726
17912,-1.7463600424911778
11169,-0.4601197095613525
16963,-0.4140937527841029
9865,2.2477695275903926
5419,4.632612472453744
13127,1.244066989152067
13374,-0.631618420618663
3770,5.222091334545187
892,10.815883724083413
17941,-1.5595193458414496
1324,6.4451689555617016
7632,1.3704480581786775
3301,1.7874304640157384
17795,-2.7509708956760495
11648,1.059895591541995
1290,5.345713674081615
15189,1.5852139965230556
16403,-0.3283443972554476
4722,2.0158111889099644
17791,-1.7969057130517125
7417,1.0563179777557963
5703,5.678852784333639
17229,-1.4539082909370915
16022,-1.878135354797081
12221,-0.3680340107563165
154,25.590764130568
561,14.81916401213153
9814,0.4551641743086652
2073,7.897535616218992
3267,6.241135858575927
7678,1.4444330419011173
5532,2.4544719236158237
1725,9.050295297749791
2652,3.10893012711367
8883,1.8804244775673205
10870,0.055284738357126884
7089,2.0934632168691323
9121,1.4092293569329968
11878,0.5354855013074822
3361,2.4156906248615044
14176,-0.4447777239689348
8214,3.6938892754218244
7071,1.3704480581786775
4650,3.764296645358062
17595,-2.3068821324403554
17430,-0.17670738557383991
4213,5.30508196058366
3930,2.1015605444386196
7679,1.915628162535441
17428,-1.8122476986441285
15827,-0.7020257905549006
11798,0.9651405936973081
10584,0.6004648427138903
14966,0.5806031433381857
11014,1.4895506839318209
8711,0.8342735961379493
16268,-1.1966602243511257
9545,0.4551641743086652
15822,-1.1109108688224723
8720,3.296679138509944
8974,1.723359437355878
5864,1.1212973191622009
1459,11.094810119538177
14013,1.504892669524235
14322,0.23669740647701865
7385,2.6801833494703935
1809,2.453563608869274
16112,-0.18028499936004216
13819,-0.03589264570136308
16548,-0.7372294755230211
16140,-0.9240701721727458
3936,10.532437614845367
14848,-0.12164200123001834
17126,-1.726498343115475
8701,0.20601343529218497
12660,0.7015561838349598
9820,0.14103409388578214
1238,3.3038681513328854
3279,2.4806699662679073
14990,-0.9394121577651617
7794,1.1484036765608305
10264,-0.23807532794350728
4315,3.8382816290805017
13673,-0.2019633282288389
16196,-1.3121852363180686
9009,1.450769385177498
10547,0.034514724234876226
13827,0.3729924325662104
6299,1.2783623593736415
11138,-0.3030546693499119
9134,0.39285413194191143
6029,2.190887513753477
3494,5.411601330234568
14854,0.014653024859173414
9930,1.7115950655496661
5109,3.1774870823062784
14663,-0.2579370273192083
12895,0.07062672394954106
11743,1.059895591541995
7702,1.5157487265839045
1250,11.346630157594312
4764,1.366781013941953
5892,4.054897982168516
13452,-0.7471434325856023
17730,-0.7570911748987221
477,5.762696079918676
12932,0.5950368141840539
10277,-0.23807532794350728
10859,0.8613799535365789
2519,8.567335805309256
16615,-2.236474762504118
4858,3.5422522637402203
8049,1.8298788070067857
14245,0.9389425510452227
14336,-0.17218767179055305
17345,-0.17670738557383991
3215,2.166539885845026
4530,5.764602139862294
9142,1.0834243351544277
13550,-0.1396532858620887
3441,1.7874304640157384
13632,-0.7471434325856023
1960,5.879129406632163
387,22.00537456310349
17814,-1.1154305826057591
1901,9.835620498806996
3667,3.2126907672743954
6497,2.5348826810651666
11339,1.1961906176311885
3258,4.365450448805198
13635,0.5950368141840539
10153,1.2819399731598438
10241,0.39018483290225703
15593,0.40910443228087523
12799,-0.6821640911791977
9785,1.3469193145662501
14596,-0.6668221055867818
16211,0.05076502457383825
4440,2.6648413638779758
14750,-1.1912321958212946
13802,1.1907625891013538
14325,-0.4447777239689348
10981,0.6302404991521744
4733,3.2307914823569917
7582,2.807383302793024
13666,-0.08643831626189957
11724,-0.4601197095613525
13478,-0.6108484064964124
10365,0.8730548948922703
12107,0.2926711055673863
3475,1.7874304640157384
17306,-1.8122476986441285
2578,4.285039691355848
10220,-0.23807532794350728
101,31.069939822885832
17841,-1.6606106869625226
6332,1.1212973191622009
17217,-1.862793369204665
2924,3.1621450967138607
9999,1.7531350937941674
4131,1.5653860823978896
11083,0.7133205556411752
1393,10.854665022837732
1707,3.6270038740718036
10066,1.0508899492259633
3011,5.779035810708166
14911,0.19248807919286293
938,5.253627975276583
15861,0.4921844887698761
17026,0.4542220743115788
9503,-0.01603094632565849
11055,1.0391255774197479
10492,-0.08101028773206664
3424,2.1963155422833083
7684,1.0563179777557963
156,19.30816252211037
2,49.85085924690871
5053,4.327577464797425
7093,2.440038252769952
9287,1.252164316721558
16512,-1.282409579879781
5647,3.699317303951659
2228,4.587494830423044
15433,-0.752571461115437
13922,-0.17218767179055305
6018,1.5509524115520215
17086,-1.4539082909370915
3295,4.67958052922808
5493,2.380486939893384
7871,5.590344699314809
6420,2.1584425582755387
341,14.309187592742887
10435,0.19157976444631686
16994,-1.5694333029040344
11953,-0.6821640911791977
6008,0.9642322789507585
14227,1.7774827217026186
30,32.198262446057655
6791,1.2133830179672351
10353,0.8730548948922703
10550,0.19157976444631686
1873,3.3959538501379214
11474,0.4407305034627953
5698,4.066662353974735
495,12.359427768799193
16110,-0.24259504172679236
12773,-0.0006889607332443148
14174,0.802647524956031
17765,-0.8726161868656632
5397,1.9716018616258104
13755,0.12117239451007755
16371,0.8568602397532938
15994,-0.9746158427332823
7333,1.6845781386015588
4134,3.5241515486576205
12505,1.4453413566476634
10099,1.071659963348214
16215,-0.9240701721727458
7238,1.8533181201686908
9302,0.2980991340972228
7091,1.6845781386015588
16806,-1.9133390397651997
878,3.1936817374452566
15329,-0.888866487204627
16020,-0.10630001563760239
9278,0.6122292145201058
1181,5.410693015488022
16126,-2.0144303808862727
518,16.443118814296657
4742,2.3507112834550945
17233,-1.590203317026285
10039,1.3027099872820926
5947,1.2783623593736415
1663,6.223124573943856
27,38.480864054515294
6327,2.3894925822094137
14043,0.7078925271113423
9117,1.3975544155773107
1890,5.19765427618621
16552,-0.055754345077064116
4808,2.978971444300857
13586,-0.767913446707853
12187,0.7015561838349598
12112,-0.6821640911791977
4187,1.8795161628207708
1721,6.830614720667366
5412,6.422637957146346
9747,0.2773291199749721
8928,0.14103409388578214
8348,1.0237835918273301
6676,1.0563179777557963
14157,-0.8328927881142576
7294,0.27099277669859134
8569,0.9913386363493899
3810,4.771666228033116
11451,1.1961906176311885
10610,0.07605475247937399
4770,2.821906404089418
15397,0.3585587617203405
14471,0.4235381031267451
10711,0.39018483290225703
12962,0.18615173591648393
2727,3.339980151047552
13715,-0.675827747902817
16190,-2.1714954210977133
1481,15.220041193280142
15258,-1.140686525260758
7175,1.8208731646907488
17192,-1.0450232126695216
17640,-1.5748613314338673
11068,0.28366546325135467
2930,5.026155565128899
47,43.942936776947604
8203,0.6772085559265086
11723,1.8867608208437012
5220,2.3389469116488826
12600,-0.38880402487856713
14033,-0.8121227739920069
821,7.256602768820464
4394,4.549621846415267
6993,1.7910080778019406
10427,0.5264798589914506
7411,1.4859730701456186
15821,-0.8175508025218416
5578,9.670368700575544
129,14.963556365790211
15759,0.5453994583700652
11592,-0.14598962913847124
3425,3.5151459063415906
7890,0.9913386363493899
3290,3.423060207536551
9840,1.9336394471675113
12228,-0.25250899878937716
46,30.728703385064325
898,6.711422664463704
14062,0.530057472777651
10295,1.071659963348214
9022,2.1322445156234515
7381,3.361658479916347
13711,-0.5395327218136252
7687,1.0563179777557963
13687,0.802647524956031
15783,-0.13607567207588822
13443,0.8883968804846845
10251,-0.08101028773206664
2232,2.54564930767431
1703,4.234494020795314
7201,0.7421878973329132
11946,0.5652611577457698
17544,-2.443177158529547
14715,-0.53052707949759
15313,-0.16585132851417406
11983,-0.0006889607332443148
15123,-0.752571461115437
17547,-0.8076368454592586
13220,1.6853970228975825
14890,0.6013731574604364
11332,2.328090854589213
17920,-1.3374749642236043
16108,0.029995010451591142
12465,-0.11621397270018363
9115,0.7069842123647927
1529,9.68122475763521
2253,6.881160391227905
5586,3.699317303951659
6193,4.158748052779767
8317,3.8301843015110144
3415,1.7874304640157384
2223,3.8021696293658387
9755,2.2568646003569555
5126,3.868057285518791
6116,1.8858525060971552
2812,3.7371902879594323
10629,1.3234800014043415
6152,1.7612324213636512
5663,1.3433417007800479
4371,3.4501665649351807
3141,7.717031262845648
13043,0.2276917641609817
1388,5.659843754504497
7717,3.966479327600208
16305,-0.37889006781598233
11876,1.0806656056642456
1966,7.479644895635385
14114,0.4353024749329606
15881,-1.1109108688224723
10223,0.5796948285916397
8751,2.5944339939417382
8753,1.6105037244285931
6469,1.9806075039418438
1061,5.410693015488022
8929,0.8432792384539862
10922,-0.3030546693499119
715,5.591197368861366
9704,1.1574093188768693
7027,3.0981635005045263
17451,-0.15593737145158926
2639,4.67958052922808
17951,-2.6498795545549765
5005,2.2234218996819415
5651,2.475241937738069
6325,3.6252428897786935
6923,1.8416431788130012
11624,-0.14598962913847124
7035,1.0563179777557963
11021,-0.3030546693499119
17416,-1.2670675942873668
15425,-0.888866487204627
9709,1.388459342810748
10866,0.32787479053550683
15023,-0.53052707949759
8859,0.9263592949429871
6559,2.0753625017865325
5140,3.8563823441631015
1033,12.573374822847551
593,14.273983907774767
17693,-1.7111563575230573
3933,1.473300383592857
1915,1.982368488234954
5367,2.7569270626830154
11664,0.5354855013074822
16487,-0.7372294755230211
2093,2.7027143478857525
17230,-0.7724331604911381
6214,2.9022277310882387
9412,0.7069842123647927
4864,3.5422522637402203
1826,1.8253034480235115
13160,0.3224467620056739
15828,-0.2723706981650782
751,13.402909351188914
13198,-0.7471434325856023
16392,0.3531307331905058
8938,0.4551641743086652
12230,-0.09544395857793653
4400,3.4501665649351807
7197,2.555563264736893
1702,6.317879571788545
8717,2.123238873307418
3932,2.7090506911621333
3867,2.0807905303163707
17551,-1.352816949816022
2810,3.182915110836113
3745,2.258625584650062
2627,7.287376170455822
7612,0.9732379212667954
2265,3.330974508731515
3458,4.0927709661762925
5376,2.442796982260134
5316,6.89383307778067
4674,8.111482670267346
12374,-0.2317389846671265
9797,-0.01603094632565849
15422,-0.2073913567586736
10783,0.4641698166246968
6427,2.0636875604308464
14878,-0.9394121577651617
17491,-2.0342920802619755
4710,1.722451122609332
15561,0.17805440834699482
4336,2.0365812030322132
7241,0.8992529375443556
14626,0.035423038981422295
3089,7.171851158488884
16530,-0.19204937116625764
6954,0.8992529375443556
11904,0.9859106078195587
12601,1.2675063023139757
8664,1.4625337569837136
3077,5.592105683607915
12211,0.3342111338118894
14376,-0.6460520914645311
15121,0.33778874759808986
13181,0.07062672394954106
8582,1.892188849373536
11325,1.3324856437203785
5527,5.145347621332565
1248,7.179859055607846
2169,3.7813996152435863
881,5.434132328649927
10169,1.166414961192901
124,21.886182506899832
11153,0.5562555154297346
9961,1.6583800959494752
12491,0.2719010914451392
2392,8.38950075097556
14455,-0.6668221055867818
5124,3.5422522637402203
12919,0.8676268663624374
2518,1.6032590664056663
14965,-0.2579370273192083
17559,-1.0802268976376403
10481,0.19157976444631686
14139,-1.1262528544148882
6059,0.9642322789507585
14579,0.014653024859173414
2917,4.617270486861326
17207,-1.4539082909370915
2148,5.215754991268806
2356,3.959234669577281
90,30.74680410014692
17284,-1.4033626203765568
14297,0.5092874586554004
103,10.767009607365459
16754,-1.6407489875868198
8907,1.9128694330452625
493,18.013769216411067
11927,0.1058304089176616
17180,-1.5694333029040344
10551,-0.08101028773206664
5394,4.149742410463734
9771,0.14103409388578214
6501,1.4354273995850804
12300,0.7015561838349598
9729,0.6122292145201058
11722,-0.3030546693499119
5562,2.5375519801048227
2415,3.173909468520076
7943,0.3630784755036256
10320,0.07605475247937399
1860,2.7469236751699064
6447,3.2072627387445607
13859,-0.3084826978797448
6870,0.7421878973329132
10225,0.32787479053550683
4252,2.0365812030322132
14963,-0.9394121577651617
4242,6.1942572322521166
12050,0.8170811958018991
17796,-2.0694957652300943
2572,2.7027143478857525
8533,0.5201435157150662
5619,4.327577464797425
16660,-0.19204937116625764
17459,-1.8122476986441285
15294,-1.4132765774391398
4588,4.77157679758259
9308,0.6122292145201058
654,8.524887462318208
7824,0.048948395080744334
15284,-1.5703416176505804
11649,-0.05123463129377903
3043,2.6377350064793497
11327,0.6393355719187337
15922,0.5246294442478163
17052,-0.7724331604911381
11637,1.2377306458756863
17541,-1.489111975905212
12170,0.6807861697127091
9875,0.3071047764132562
14190,1.1790876477456642
10507,2.224330214428491
17699,-1.5748613314338673
11962,1.6439464251036071
11806,1.0066806219418059
12802,0.13560606535594566
9697,-0.01603094632565849
13155,-0.904208472797043
1062,15.359005518408988
6194,0.9434622648285096
9533,0.5499191721533521
4495,3.7461064998249434
6499,0.9226922507062589
15940,0.2520393920694346
1510,4.089193352390087
973,11.337624515278275
11935,0.6717805273966757
5304,1.3433417007800479
4986,4.045892339852479
926,7.7991135741375714
1881,13.104121256358443
5786,1.571722425674274
9474,0.14103409388578214
1786,4.6524741718294464
16134,-0.9240701721727458
10271,-0.23807532794350728
5010,1.3433417007800479
6790,3.015083444015527
15384,0.20149372150889988
16366,-1.039595184139685
6304,2.691947721276609
646,10.880863065489823
8741,2.721633947264369
11107,1.1222056339087487
12934,-0.3382583543180324
4334,6.5914673691640004
14383,-1.034167155609854
9521,0.4551641743086652
17864,-3.568741052211193
2874,4.522515489016637
1961,9.207360337961234
16983,0.1816320221331953
8657,2.1024688591851657
8310,1.2639286885277699
7299,0.564352842999222
4234,1.4083210421864507
10415,1.5013150557380328
5643,3.6902222311851
7673,2.3037432266807585
3941,2.4156906248615044
11091,-0.32382468347216253
4905,1.5004067409914867
14074,0.10040238038782867
15878,-0.9538458286110316
6875,1.0563179777557963
549,6.2013568146245355
10681,0.32787479053550683
14785,0.014653024859173414
3686,5.494681386723567
16576,-0.055754345077064116
7252,1.8740881342909397
4020,3.4501665649351807
1841,8.73616521732691
15338,-0.4799814089370553
10350,1.2819399731598438
5825,1.3315773289738324
8067,0.5201435157150662
5666,1.9716018616258104
12561,-0.21096897054487407
9976,-0.08101028773206664
15910,-0.4294357383765188
4638,3.210021468234739
5705,2.3389469116488826
11419,1.0806656056642456
1315,5.502778714293058
10280,0.8938249090145209
1506,7.073429116407464
3878,3.043950785707267
16084,-0.4944150797829252
381,12.89560223083992
370,6.927130702805169
16127,0.029995010451591142
8881,0.39285413194191143
13573,-0.4745533804072224
7379,5.047833893997698
170,24.805438929510796
16624,-0.6009344494338276
14575,-0.2579370273192083
10215,-0.23807532794350728
5087,1.6574717812029292
6777,0.428057816910032
12119,-0.3680340107563165
6999,2.1557732592358825
17012,-1.160548224636461
6851,0.8992529375443556
15447,-1.4340465915613905
6610,1.2783623593736415
14088,1.0012525934119747
1039,12.478619825002863
6183,1.1212973191622009
10410,2.1412501579394885
15469,-0.6162764350262453
5827,4.357353121235711
16999,-0.7101231181243879
2522,3.330974508731515
15855,-0.5449607503434599
2785,3.5178152053812397
17735,-1.5748613314338673
10918,1.0806656056642456
17263,-1.8122476986441285
13623,0.8883968804846845
4815,2.507776323666537
3328,1.3162353433814182
9734,1.9959494895342615
2005,2.7676936892921553
5728,2.599862022471573
4260,2.0365812030322132
1262,12.413640483596456
891,8.459908120911802
7085,2.837248389681836
509,20.21267977937124
7310,1.2133830179672351
1745,9.050295297749791
3886,3.043950785707267
6474,2.116902530031034
12817,1.1104412621025332
7749,1.6520437526730944
11661,-0.3030546693499119
15993,-1.7923859992684275
2667,4.712025484706018
225,16.730142537320905
17000,-1.4539082909370915
2358,6.786405393383216
15116,-0.752571461115437
14229,0.34054747708827016
6353,3.542162833289691
7413,1.2133830179672351
7855,2.1024688591851657
15516,-0.2073913567586736
11810,-0.00969460304928127
10057,0.5264798589914506
11668,2.6422209350120944
14265,0.5715975010221523
3921,1.7874304640157384
12322,0.020081053389006343
14272,0.8234175390782816
385,8.497781104919579
14607,-0.4889870512530905
3404,2.6882806770398844
7068,3.015083444015527
246,14.510461960238484
1979,2.9247587295035977
2446,5.017149922812862
11195,-0.14598962913847124
261,21.71468379584252
6319,2.3778176408537277
15067,-0.07109633066948184
5865,0.9642322789507585
12875,-0.49532339452947305
13167,1.433576984841448
2777,6.564361011765371
11053,2.799285975223537
17380,-1.4033626203765568
10814,1.8271200775166072
14134,-0.675827747902817
4871,3.5331571909736574
6816,1.4444330419011173
16047,-0.7670051319613052
2116,7.25760051401754
15293,-1.4132765774391398
16347,-0.9240701721727458
14014,2.322662826059382
13252,0.0498567098272904
7896,1.0860936341940821
8037,2.1024688591851657
3311,5.8827964508688915
16120,0.16629003654078112
5187,2.2857319420486917
9307,1.9544094612897602
17748,-0.6207961488095322
12003,0.7015561838349598
6505,1.4354273995850804
17421,-1.5396576464657468
3856,1.9444955042271808
7742,2.247858958040915
11631,1.1961906176311885
15635,-1.247205894911664
4302,1.0941909617635677
1162,10.563974255576756
7899,0.6772085559265086
3122,6.187920888975736
14187,2.6874280074933203
7648,1.1926130038449863
17441,-1.6759526725549385
3115,9.705661815994187
7104,0.9732379212667954
6306,2.357047626731479
1810,9.678555458595557
1222,7.2304941566189065
13107,0.20692175003873103
16948,-0.6866838049624828
13517,-0.7471434325856023
790,6.533587610130013
5639,4.119877323574922
8353,1.8830937766069766
8889,0.14103409388578214
1030,12.164489744579981
9498,0.4551641743086652
10717,0.07605475247937399
13787,-0.9691878142034476
9696,0.2980991340972228
5646,6.621243025602286
12897,1.4751170130859492
7293,2.3660532690475122
16666,-1.6912946581473545
15504,-0.826556444837875
16904,0.21416640806166143
11351,0.8288455676081181
8505,0.8342735961379493
4893,1.4173266845024877
13077,-0.7471434325856023
8131,0.8342735961379493
14698,0.1509480509483634
13015,-0.5900783923741617
5282,4.706597456176187
9867,0.4136241460641621
7602,1.0563179777557963
1584,6.602233995773144
919,7.74856790357704
3659,3.117935769429703
16016,-1.3329552504403193
12901,0.6158068283063045
17138,-0.09095803004518466
12681,1.1519812903470328
17341,-1.6759526725549385
3174,5.150775649862403
13627,0.9299369087291876
7477,1.014777949511295
8795,-0.01603094632565849
2478,2.3885842674628712
4684,2.3831562389330365
11960,0.7015561838349598
5577,2.0871268735927515
8901,1.5455243830221868
9328,-0.01603094632565849
484,7.961606642878849
16682,-1.2408695516352832
4881,3.7317622594295976
9476,0.5499191721533521
15349,-1.140686525260758
14843,0.6221431715826871
10573,0.7159898546808297
15601,-0.4294357383765188
11289,1.0482206501863072
5912,0.9642322789507585
16753,-1.0955688832300563
2349,4.19028469351116
16472,-2.100179736414928
8777,0.14103409388578214
11587,-0.14598962913847124
3900,4.113540980298538
10827,0.07605475247937399
7376,0.8992529375443556
7862,7.107780131829024
6009,2.7451626908768
15309,0.8829688519548533
3854,4.614601187821677
2525,4.3888897619671
8585,0.8874885657381402
927,5.526218027454963
4841,5.157111993138784
9803,1.723359437355878
1289,8.801144558733313
16743,-1.2110938951969956
2494,1.7603241066171087
5953,2.0636875604308464
7157,1.5807280679903073
6616,2.7659327049990488
9342,1.723359437355878
17007,-0.9087281865803316
17806,-1.2517256086949509
17939,-2.5135845284657865
5114,2.830912046405455
13613,1.7269370511420838
9084,4.885430255706947
8446,2.1855489156741683
6596,1.5509524115520215
3463,7.0030217464712265
6537,1.7495574800079652
15174,-0.752571461115437
17560,-1.7617020280835938
16830,-0.14150370060571937
6379,3.0060778016994902
1948,4.474639117495755
5845,3.477272922333814
9581,0.2773291199749721
8190,2.7190540786752386
13503,0.0498567098272904
5713,3.385187223528778
17932,-2.0189500946695578
10583,0.07605475247937399
7149,2.010383160380133
10726,4.686735756800484
17907,-2.1552451207587477
6356,1.8027724496081525
17130,-1.0450232126695216
10759,0.2331197926908164
7876,0.6772085559265086
8705,0.9913386363493899
14051,-0.8536628022365065
17522,-1.352816949816022
1526,7.159089041485597
13248,0.7521018543954945
9470,0.6122292145201058
22,40.32410450880809
10609,-0.23807532794350728
12302,1.6348513523370478
11509,0.6717805273966757
5783,3.918602956079326
4771,1.5653860823978896
2137,3.330974508731515
3633,3.5151459063415906
8295,5.4955897014701165
9919,-0.08101028773206664
1552,10.822220067359797
3944,1.7874304640157384
17266,-1.130772568198175
5490,2.904897030127895
14296,-0.3084826978797448
9454,0.12026407976353148
17778,-1.1154305826057591
3865,4.448441074843672
12821,-0.38880402487856713
5935,1.2783623593736415
8264,1.1276336624385817
13612,-0.904208472797043
10135,0.32787479053550683
5459,3.228122183317339
9878,1.8154451361609176
17308,-0.8374125018975445
15924,0.4298744464031259
15758,-0.29314071228732885
6148,2.0636875604308464
1455,7.870429258820355
6487,0.4930371583164366
11998,0.6807861697127091
5354,2.7569270626830154
1024,14.552910303229527
6963,1.5067430842678675
5151,3.4591722072512177
10604,0.2331197926908164
11778,1.1754206035089396
13631,1.433576984841448
12923,0.24846177828323412
16641,-1.4187046059689745
13313,0.47951180221711454
10471,1.5753000394604761
16458,-0.42309939510013983
7842,0.5201435157150662
362,16.35103311549162
11171,0.14737043716216114
1235,7.073429116407464
14779,-0.6668221055867818
11440,0.32520549149585243
9942,3.7326705741761437
981,8.23786373929396
9687,0.9795742645431762
1833,9.784985397795936
16009,0.18706005066303177
9078,0.4136241460641621
13075,0.47951180221711454
3332,3.3580808661301482
10897,3.9493763577146836
4472,2.949106357412049
15039,-0.23716701319695943
10787,0.19157976444631686
7459,1.6014980821125597
2407,5.215754991268806
14946,0.6013731574604364
4974,1.3433417007800479
17763,-0.4845011227203404
3079,4.889860539039709
15761,-1.7923859992684275
10643,0.2331197926908164
102,19.31083182115002
14900,0.035423038981422295
6346,1.467872355063026
5301,3.9719073561300426
11191,-0.3030546693499119
8427,1.746798750517783
17571,-0.2624567411024952
15777,0.3883344181586246
2794,5.612875697730161
12422,-0.0006889607332443148
14828,1.365928344395389
14295,1.4309076858017953
10890,-0.3030546693499119
13191,-0.6108484064964124
669,6.483041939569478
5800,1.2783623593736415
2254,6.786405393383216
7277,1.2133830179672351
6070,0.6501021985278772
1846,4.809539212040889
15781,-1.1109108688224723
7304,3.068298413615718
9043,1.0950992765101155
6454,2.9139026724439283
4333,1.503076040031143
15670,-1.5197959470900457
5013,3.699317303951659
17117,-2.68056352573981
13340,-0.7471434325856023
14286,-0.9691878142034476
45,45.32674648241229
14395,-0.0801019729855188
9906,2.0672651742170487
17290,0.09588266660454181
7038,1.8416431788130012
6554,0.6501021985278772
1777,2.9247587295035977
12183,2.085276458849119
2375,4.211054707633412
17727,-2.2563364618798207
14709,-0.8031171316759718
11793,-0.07200464541602969
6690,1.3289080299341762
6704,2.0311531745023785
12940,0.07062672394954106
15884,-0.9746158427332823
10327,0.2331197926908164
12531,-0.1369839868224343
7714,1.7766638374065948
12215,0.9533762218910926
3329,9.65235741594347
15448,0.3585587617203405
4555,2.0365812030322132
17761,-1.3022712792554856
2945,2.166539885845026
1306,2.204412869852799
6897,2.4699033396587637
50,37.79663019457915
2177,4.587494830423044
201,19.726053242693975
9123,0.5499191721533521
10745,0.2331197926908164
4645,6.434402328952558
4119,2.6648413638779758
14269,-1.1262528544148882
8456,0.3423084613813767
7849,1.6520437526730944
11194,-0.030464617171528374
14355,0.5092874586554004
3071,2.323604926056465
10574,0.39018483290225703
14268,-1.1262528544148882
1604,3.5530188903493602
3734,2.8868857454958246
5465,4.01344738437454
2050,4.975609894568365
17593,-2.0342920802619755
17855,-1.2517256086949509
131,8.817249783421769
965,6.981343417602432
11011,0.3991904752182922
6440,1.6457074093967137
12492,1.4245713425254145
166,17.26631699936163
6958,1.52751309839012
2337,4.7445598706344825
253,3.536679159559874
3235,3.8942553281708747
6586,1.4354273995850804
13972,0.5092874586554004
14219,0.3729924325662104
3780,7.598836951839051
16078,-1.3329552504403193
7589,1.6014980821125597
10910,0.011075411072971164
1349,4.874518553447292
2310,3.0168444283086338
14369,0.4858481454934971
12241,2.47339152299444
11442,0.35765044697379444
7114,0.7006478690884137
17124,-1.1397782105142102
9038,0.43439416018641275
17946,-4.012829815446883
4110,2.6648413638779758
8266,0.6772085559265086
3321,1.7874304640157384
3696,5.118241263933935
9910,0.9885799068592096
13817,0.23669740647701865
197,5.172308903080687
1192,3.8400426133736154
8766,1.9246338048514744
6775,1.7585631223239986
1103,6.353083256756669
14324,0.9597125651674716
15931,-0.6812557764326517
1709,6.297109557666296
8162,1.871418835251287
7545,0.7421878973329132
3580,3.0231807715850145
9091,0.8640492525762351
2025,8.140350011959086
2802,2.166539885845026
14451,1.0310282498502588
10554,0.4433998025024497
14301,0.23669740647701865
17488,-1.625407001994402
3991,6.490286597592405
17599,-1.0802268976376403
4126,7.053567417031761
8053,1.2846987026500223
7617,7.602414565625249
14697,-0.12164200123001834
16338,-1.427710248285008
7947,0.4786034874705667
971,4.62536781443082
2927,3.5801252477479935
5387,1.6574717812029292
8289,1.1484036765608305
9601,0.2980991340972228
1304,4.089193352390087
1196,6.66721333717955
14777,-1.3482972360327352
7129,1.6845781386015588
16493,-0.5801644353115805
3983,3.3580808661301482
516,16.600183854508096
11969,-0.3680340107563165
16378,-1.878135354797081
14778,-0.53052707949759
9673,1.0950992765101155
13447,0.34321677612792456
1156,11.841264591390537
9310,-0.17309598653709912
3735,3.547590861819529
17898,-1.6100650164019878
8018,1.1484036765608305
15895,0.15728439422474416
11576,0.7133205556411752
14955,-1.3482972360327352
49,28.100137729714323
4009,2.4156906248615044
5857,1.4354273995850804
9969,0.07605475247937399
10957,-0.4601197095613525
15230,-1.5703416176505804
5521,1.814536821414368
3392,2.9608707292182643
17711,-2.2563364618798207
3090,6.386525957431676
12885,1.6853970228975825
14146,-0.6965977620250658
7737,0.6772085559265086
17741,-2.1200414357906308
14438,0.1509480509483634
2350,1.6032590664056663
13851,1.0635626357787231
2493,5.372820031480249
14628,-0.6045120632200298
11665,0.37842046109604155
8108,0.5201435157150662
6566,2.5348826810651666
12507,-0.5250990509677571
2671,4.972940595528712
13625,0.5950368141840539
14499,0.44430811724899577
8444,2.090793917829476
17224,-0.49984310831275813
13235,0.07062672394954106
4948,1.814536821414368
6166,3.059292771299681
2429,8.828250916131946
13137,-0.49532339452947305
10524,2.2866402567952377
15788,0.17805440834699482
13763,1.2206276759901655
13145,-0.904208472797043
4787,4.487311804048517
7178,0.8784829234221032
5207,2.7569270626830154
4751,3.0737264421455492
13708,0.3729924325662104
17743,-1.7111563575230573
6763,1.5599580538680584
4688,1.5653860823978896
7432,1.6845781386015588
13746,-0.15141765766830417
5315,2.736157048560763
1409,8.267639395732242
1261,9.251569665245388
14975,-0.8031171316759718
16663,-0.19204937116625764
11478,-0.187529657382969
5362,2.3389469116488826
5535,3.1450421268283364
16765,-0.14150370060571937
3903,2.8868857454958246
11660,1.3740256719648762
13565,-0.7471434325856023
2319,4.430429790211601
7554,2.0311531745023785
15986,-0.4294357383765188
7651,2.13500324511363
11058,0.6925505415189246
15496,-1.2977515654721987
9045,1.7558043928338236
10825,0.8938249090145209
9284,1.388459342810748
7638,1.3289080299341762
13369,1.6321820532973916
975,11.568674539212154
3185,11.184137088853031
7839,0.8342735961379493
16230,0.05076502457383825
1277,3.3038681513328854
6289,1.7495574800079652
9693,1.2729343308438068
7977,1.9661738330959757
15632,0.00021935401330352988
1704,5.867454465276477
8458,0.5201435157150662
17331,0.29448773506048376
14141,0.1419424086323282
13606,1.2025269609075657
10340,0.48493983074694746
8712,0.8342735961379493
15074,0.22226373563114876
1285,7.2304941566189065
6702,3.883488701561731
6985,1.7377931082017497
824,10.18762356323765
12640,0.9533762218910926
14094,-0.9691878142034476
3208,4.522515489016637
8422,0.20601343529218497
13725,-0.9691878142034476
13255,0.8883968804846845
9493,1.6078344253889405
7003,2.188218214713821
17692,-2.2563364618798207
4417,5.011721894283031
10372,1.616840067704974
1070,6.4893782828458555
6882,3.6433436048612897
9584,1.0950992765101155
8688,0.8874885657381402
34,25.45347135928174
15925,-0.4294357383765188
1637,5.751929453309533
12311,-0.6821640911791977
9959,0.3486448046577575
7306,1.2133830179672351
13325,-0.904208472797043
8102,1.3054687167722712
17732,-2.371861473846762
5131,4.004352311607981
8674,4.5947394884459705
14350,-1.1262528544148882
5160,2.7569270626830154
16747,-2.144389063699082
4177,1.0941909617635677
10122,-0.23807532794350728
1802,2.7793686306478484
10229,0.7043149133251383
13117,1.7892470935088305
15549,0.17805440834699482
1140,9.212698936040539
13275,0.18615173591648393
3869,2.394920610739252
3794,2.258625584650062
6111,3.0385227571774323
15663,-0.5657307644657106
5942,1.5924924397965228
15423,0.22226373563114876
514,20.21267977937124
11069,0.6925505415189246
17458,-0.9944775421089851
9750,0.2980991340972228
2955,4.051320368382317
11858,1.824450778476951
13952,-0.17218767179055305
14401,0.014653024859173414
11676,1.7829107502324497
8130,0.8342735961379493
13757,0.5092874586554004
3372,3.7254259161532204
13280,-0.4330133521627193
14431,0.1509480509483634
12974,0.3224467620056739
13811,1.389367657557294
11038,0.5562555154297346
15435,-0.029556302424982306
13241,0.20692175003873103
12982,2.144917202176213
7142,1.8948581484131886
16442,-1.146114553790591
13229,-0.904208472797043
1176,8.080798699082518
17,40.27355883824755
8150,2.4581389678525483
16051,-0.9240701721727458
666,6.168911859146597
15280,1.4281489563116168
7771,3.726334230899763
13907,-0.5810727500581265
11114,3.1757260980131683
13203,-0.5900783923741617
10077,0.5796948285916397
16825,-0.12073368648347227
2104,3.9916796250552196
912,12.522829152287017
5787,1.7495574800079652
9505,0.2980991340972228
7326,2.051923188624631
16771,-0.9592738571408663
3806,4.563966086810613
364,10.068431507033985
7258,1.1926130038449863
16251,1.0463702354426747
5692,2.496011951860325
7352,2.4699033396587637
10567,0.07605475247937399
6970,3.957473685284171
17821,-1.9332007391409043
8158,1.1276336624385817
16502,-1.282409579879781
665,8.053692341683888
6317,1.6457074093967137
11389,0.923600565452805
203,14.783052012416867
1274,10.487319972814664
6600,1.906622520219404
11956,0.5652611577457698
6467,3.1216028136664313
15110,-1.5703416176505804
17916,-2.0189500946695578
6736,0.8992529375443556
15364,0.06519869541970813
9240,0.6122292145201058
15634,-1.7923859992684275
8713,4.39613441999003
4423,1.8795161628207708
10,53.84613163783786
2827,2.323604926056465
6115,3.1216028136664313
9431,1.4923094134219994
2678,7.506751253034015
9003,0.2980991340972228
10637,1.1456449470706502
3201,3.885160255404312
420,14.632323315481806
6491,1.4354273995850804
8508,1.494978712461652
1476,4.246258392601529
6042,1.906622520219404
17279,-1.2670675942873668
11121,-0.14598962913847124
7963,1.7766638374065948
6921,3.068298413615718
7285,1.0355479636335456
16821,-0.9592738571408663
6455,2.691947721276609
2325,8.786710887887445
10000,0.9976749796257725
4517,2.507776323666537
6909,1.0563179777557963
3140,5.150775649862403
16752,-0.6659137908402357
11932,-0.14598962913847124
4240,2.0365812030322132
12077,1.1519812903470328
6683,1.0563179777557963
11238,1.059895591541995
397,10.548632269984342
6109,2.5348826810651666
17096,-1.4331382768148444
15853,-1.3211908786341038
6607,2.3778176408537277
11726,0.787305539363615
14306,-1.1262528544148882
6430,1.1212973191622009
14323,0.5092874586554004
14994,-0.53052707949759
2793,3.8942553281708747
13609,0.4587417880948639
13918,-0.13064764354605352
16966,-0.12073368648347227
3508,1.7874304640157384
2920,4.377125390160884
7916,2.8786989874758113
14684,1.34515833027314
2233,4.273364750000162
1912,4.6524741718294464
7279,0.8992529375443556
531,13.583413704562258
7366,2.0311531745023785
56,30.31981830679675
5021,2.6323069779495114
8659,2.259533899396608
5217,2.7569270626830154
7143,0.7421878973329132
15721,-0.4294357383765188
14299,0.23669740647701865
2585,5.541560013047377
17657,-1.4385663053446773
12114,1.6971613947037945
14564,-0.39423205340840006
229,26.050194879396106
15264,-0.752571461115437
4557,5.177882007261029
5979,1.5924924397965228
4153,1.722451122609332
8523,2.0401588168184155
759,5.434132328649927
4408,2.6648413638779758
16732,-0.2777987266949129
16631,-0.7372294755230211
17253,-3.059672947569096
16028,-2.0144303808862727
4927,2.4220269681378817
8080,0.20601343529218497
5061,2.475241937738069
4043,3.378761449801871
14488,-0.53052707949759
17321,-1.9485427247333202
3407,3.5151459063415906
6785,2.6386433212258957
14125,0.7818775108337821
15065,0.8297538823546642
3445,2.1015605444386196
16426,0.21683570710131583
12236,-0.6821640911791977
2738,3.5801252477479935
3820,1.8614154477381781
4475,5.115571964894283
7897,1.6105037244285931
15536,-1.5703416176505804
10478,0.39018483290225703
4659,1.5446160682756442
12289,-0.5250990509677571
4562,2.8011363899671693
6489,2.0961325159087885
17698,-0.4845011227203404
10390,2.1503452307060478
10631,0.757529882925331
1511,12.727770564019337
8738,0.048948395080744334
7511,0.7421878973329132
7207,1.99870821902444
16321,0.029995010451591142
14706,-1.3482972360327352
8491,1.3054687167722712
9483,2.813719646069405
1706,4.486314058851445
1129,17.128260988979335
613,7.582497221049561
11682,-0.3030546693499119
12701,-0.6821640911791977
2154,5.844015152114569
6164,2.5050175941763584
2144,6.421640211949274
3178,3.8942553281708747
4189,3.293101524723742
4470,3.293101524723742
15509,-0.16585132851417406
2560,4.587494830423044
953,8.071703626315955
17520,0.18796836540957607
14115,-0.9691878142034476
11450,0.7665355252413644
1575,6.4451689555617016
5155,0.8513765660234736
10204,-0.23807532794350728
7929,2.8877940602423706
17610,0.30349337737651716
1608,5.594864413098094
2346,3.6451045891543963
4926,2.694617020316265
13304,0.6158068283063045
10259,0.055284738357126884
707,6.711422664463704
8485,0.20601343529218497
2409,6.516395209793963
6753,1.3081380158119273
8514,2.9410090298425615
15991,-0.5449607503434599
10982,0.5354855013074822
4884,2.4544719236158237
16788,-1.2318639093192463
16099,0.05076502457383825
5250,2.7569270626830154
7446,1.349678044056425
14138,0.2574674205992693
10230,0.6627748850806405
4945,1.6574717812029292
11498,0.5147154871852351
1877,5.899899420754412
8391,1.3054687167722712
12514,0.8793912381686528
6980,2.9410984602930874
3387,2.5727556650729433
1675,6.747534664178371
13532,0.47951180221711454
1716,6.747534664178371
10836,1.2819399731598438
15702,-1.7923859992684275
2756,8.29207645409122
5517,3.5422522637402203
2041,4.901624910845925
9558,-0.01603094632565849
3136,3.423060207536551
6813,1.2873680016896785
436,7.647476562455967
9554,0.8640492525762351
5149,1.7937668072921191
8802,0.14103409388578214
5337,3.5422522637402203
4971,2.4220269681378817
6967,1.1926130038449863
12096,0.2926711055673863
2604,7.885860674863302
14726,-0.39423205340840006
5439,2.128666901837253
16883,-1.5044539614976298
11652,1.2377306458756863
14349,0.2782374347215182
10222,0.8613799535365789
17396,-1.8122476986441285
10126,0.07605475247937399
9861,0.2980991340972228
9266,0.14103409388578214
1734,6.548929595722431
10332,0.2331197926908164
2001,10.71570069770889
5289,2.768602004038705
14584,0.014653024859173414
15439,-1.025161513293817
2053,4.934069866323863
7777,3.818509360155325
1063,7.295473498025313
4114,1.722451122609332
9953,0.5796948285916397
10452,-0.08101028773206664
4716,2.1728762291214068
6477,2.3155075984869775
8048,2.028483875462726
2725,4.67958052922808
9445,3.0655396841255396
13794,-1.1262528544148882
12790,1.2467362881917232
1259,6.4451689555617016
2980,8.721731546481042
10770,1.1456449470706502
4455,3.0737264421455492
14287,-0.4240077098466859
3874,4.018785982453849
7210,1.0563179777557963
15906,-0.7020257905549006
17344,-2.4937228290900837
16449,-2.100179736414928
5880,0.6501021985278772
17397,-1.130772568198175
7922,2.342613955885607
17291,0.0011276687598513746
11520,2.2956458991112747
3704,1.7874304640157384
5,61.13610282897055
6026,3.9484680429681376
2024,4.631704157707198
6776,1.8416431788130012
13224,-0.3382583543180324
9242,0.14103409388578214
6435,1.906622520219404
12254,0.31344111968963695
15975,-0.29314071228732885
4575,2.507776323666537
372,17.450488396971704
515,6.862151361398762
4093,3.293101524723742
2675,2.0094748456335836
8531,2.4282738809637365
17486,-1.7617020280835938
392,15.784993566562083
7580,2.3569581962809494
398,5.8366810636411195
12425,-0.0006889607332443148
5584,1.6574717812029292
4629,5.020816967049591
6123,1.5924924397965228
664,13.550968749084316
4238,6.2474722018523074
